Time,Time Code,Series,Series Code,Mexico [MEX],Argentina [ARG],Australia [AUS],Brazil [BRA],Canada [CAN],China [CHN],Chile [CHL],Colombia [COL],France [FRA],United States [USA],United Kingdom [GBR],Turkiye [TUR],Spain [ESP],Portugal [PRT],Norway [NOR],Netherlands [NLD],South Africa [ZAF],Switzerland [CHE],Germany [DEU],India [IND],Japan [JPN]
1970,YR1970,Current expenditure as % of total expenditure in tertiary public institutions (%),UIS.XSPENDP.56.FDPUB.FNCUR,..,..,..,..,..,..,..,..,..,..,..,..,..,..,..,..,..,..,..,..,..
1970,YR1970,All staff compensation as % of total expenditure in tertiary public institutions (%),UIS.XSPENDP.56.FDPUB.FNS,..,..,..,..,..,..,..,..,..,..,..,..,..,..,..,..,..,..,..,..,..
1970,YR1970,"Inbound mobility rate, both sexes (%)",UIS.MSEP.56,..,..,..,..,..,..,..,..,..,..,..,..,..,..,..,..,..,..,..,..,..
1970,YR1970,"Net flow of internationally mobile students (inbound - outbound), both sexes (number)",UIS.MENF.56,..,..,..,..,..,..,..,..,..,..,..,..,..,..,..,..,..,..,..,..,..
1970,YR1970,"Net flow ratio of internationally mobile students (inbound - outbound), both sexes (%)",UIS.MENFR.56,..,..,..,..,..,..,..,..,..,..,..,..,..,..,..,..,..,..,..,..,..
1970,YR1970,"Outbound mobility ratio, all regions, both sexes (%)",UIS.OMR.56,..,..,..,..,..,..,..,..,..,..,..,..,..,..,..,..,..,..,..,..,..
1970,YR1970,"School life expectancy, primary to tertiary, both sexes (years)",SE.SCH.LIFE,..,10.32831,..,..,..,6.45733,10.11084,6.76322,..,..,..,..,..,..,..,..,..,..,..,..,..
1970,YR1970,"Teachers in tertiary education programmes, both sexes (number)",SE.TER.TCHR,..,22477,..,42968,..,137272,..,10295,..,..,..,..,..,..,..,..,..,..,..,..,..
1970,YR1970,"Total outbound internationally mobile tertiary students studying abroad, all countries, both sexes (number)",UIS.OE.56.40510,..,..,..,..,..,..,..,..,..,..,..,..,..,..,..,..,..,..,..,..,..
1970,YR1970,"Enrolment in tertiary education, all programmes, both sexes (number)",SE.TER.ENRL,..,274634,179664,430473,..,108617,78430,85560,..,..,..,..,..,..,..,..,82697,..,..,..,..
1980,YR1980,Current expenditure as % of total expenditure in tertiary public institutions (%),UIS.XSPENDP.56.FDPUB.FNCUR,..,..,..,..,..,..,..,..,..,..,..,..,..,..,..,..,..,..,..,..,..
1980,YR1980,All staff compensation as % of total expenditure in tertiary public institutions (%),UIS.XSPENDP.56.FDPUB.FNS,..,..,..,..,..,..,..,..,..,..,..,..,..,..,..,..,..,..,..,..,..
1980,YR1980,"Inbound mobility rate, both sexes (%)",UIS.MSEP.56,..,..,..,..,..,..,..,..,..,..,..,..,..,..,..,..,..,..,..,..,..
1980,YR1980,"Net flow of internationally mobile students (inbound - outbound), both sexes (number)",UIS.MENF.56,..,..,..,..,..,..,..,..,..,..,..,..,..,..,..,..,..,..,..,..,..
1980,YR1980,"Net flow ratio of internationally mobile students (inbound - outbound), both sexes (%)",UIS.MENFR.56,..,..,..,..,..,..,..,..,..,..,..,..,..,..,..,..,..,..,..,..,..
1980,YR1980,"Outbound mobility ratio, all regions, both sexes (%)",UIS.OMR.56,..,..,..,..,..,..,..,..,..,..,..,..,..,..,..,..,..,..,..,..,..
1980,YR1980,"School life expectancy, primary to tertiary, both sexes (years)",SE.SCH.LIFE,10.631,11.37791,..,..,..,8.13662,11.40364,9.01825,12.56414,14.09446,12.88359,..,12.55269,10.51415,13.08792,12.9498,..,12.47239,..,6.39087,..
1980,YR1980,"Teachers in tertiary education programmes, both sexes (number)",SE.TER.TCHR,74030,46267,22134,109788,..,231476,..,31136,..,..,..,21242,40976,10723,7624,..,..,..,..,277468,213000
1980,YR1980,"Total outbound internationally mobile tertiary students studying abroad, all countries, both sexes (number)",UIS.OE.56.40510,..,..,..,..,..,..,..,..,..,..,..,..,..,..,..,..,..,..,..,..,..
1980,YR1980,"Enrolment in tertiary education, all programmes, both sexes (number)",SE.TER.ENRL,853384,491473,323716,1409243,..,1019950,145497,271630,1060412,..,795985,279779,682568,91373,78401,350778,..,81530,..,3278793,2422915
1990,YR1990,Current expenditure as % of total expenditure in tertiary public institutions (%),UIS.XSPENDP.56.FDPUB.FNCUR,..,..,..,..,..,..,..,..,..,..,..,..,..,..,..,..,..,..,..,..,..
1990,YR1990,All staff compensation as % of total expenditure in tertiary public institutions (%),UIS.XSPENDP.56.FDPUB.FNS,..,..,..,..,..,..,..,..,..,..,..,..,..,..,..,..,..,..,..,..,..
1990,YR1990,"Inbound mobility rate, both sexes (%)",UIS.MSEP.56,..,..,..,..,..,..,..,..,..,..,..,..,..,..,..,..,..,..,..,..,..
1990,YR1990,"Net flow of internationally mobile students (inbound - outbound), both sexes (number)",UIS.MENF.56,..,..,..,..,..,..,..,..,..,..,..,..,..,..,..,..,..,..,..,..,..
1990,YR1990,"Net flow ratio of internationally mobile students (inbound - outbound), both sexes (%)",UIS.MENFR.56,..,..,..,..,..,..,..,..,..,..,..,..,..,..,..,..,..,..,..,..,..
1990,YR1990,"Outbound mobility ratio, all regions, both sexes (%)",UIS.OMR.56,..,..,..,..,..,..,..,..,..,..,..,..,..,..,..,..,..,..,..,..,..
1990,YR1990,"School life expectancy, primary to tertiary, both sexes (years)",SE.SCH.LIFE,10.94776,..,..,..,16.76797,8.63022,..,..,14.08889,15.41786,13.65499,9.05579,14.0401,11.76767,13.9455,14.67445,11.41157,13.42648,..,..,..
1990,YR1990,"Teachers in tertiary education programmes, both sexes (number)",SE.TER.TCHR,133068,..,27824,131641,..,..,..,52445,..,824000,83300,32029,59056,13248,9128,..,16697,..,..,..,271109
1990,YR1990,"Total outbound internationally mobile tertiary students studying abroad, all countries, both sexes (number)",UIS.OE.56.40510,..,..,..,..,..,..,..,..,..,..,..,..,..,..,..,..,..,..,..,..,..
1990,YR1990,"Enrolment in tertiary education, all programmes, both sexes (number)",SE.TER.ENRL,1314027,..,485075,1540080,1840837,3924546,..,487448,1587202,..,1177792,685500,1165771,156701,129343,437488,439007,132753,..,4780181,2683035
2000,YR2000,Current expenditure as % of total expenditure in tertiary public institutions (%),UIS.XSPENDP.56.FDPUB.FNCUR,..,..,90.37804,96.91637,..,..,91.96148,..,..,..,..,78.51843,78.43769,85.66698,88.68035,89.1083,..,88.38176,..,98.81993,79.15942
2000,YR2000,All staff compensation as % of total expenditure in tertiary public institutions (%),UIS.XSPENDP.56.FDPUB.FNS,..,..,57.89549,79.67292,..,..,..,..,..,..,..,59.52962,62.15043,65.27013,56.03519,62.41293,..,68.25947,..,98.52993,51.49595
2000,YR2000,"Inbound mobility rate, both sexes (%)",UIS.MSEP.56,..,0.18422,..,..,3.00703,..,0.76895,..,6.80206,3.59898,11.01387,..,2.22467,2.99054,4.55581,2.87338,..,16.57519,..,0.07431,1.49899
2000,YR2000,"Net flow of internationally mobile students (inbound - outbound), both sexes (number)",UIS.MENF.56,..,-3659,100053,..,5352,..,-1779,..,87295,430070,201666,-12823,13383,1765,-4537,2747,39699,18711,..,-59804,760
2000,YR2000,"Net flow ratio of internationally mobile students (inbound - outbound), both sexes (%)",UIS.MENFR.56,..,-0.20708,..,..,0.44153,..,-0.39343,..,4.33152,3.2574,9.96306,..,0.73172,0.47225,-2.3761,0.56332,..,11.92703,..,-0.63591,0.01909
2000,YR2000,"Outbound mobility ratio, all regions, both sexes (%)",UIS.OMR.56,0.80589,0.39129,..,0.6662,2.56553,2.0994,1.16238,1.38339,2.47055,0.34159,1.05084,..,1.49298,2.51833,6.93165,2.31005,..,4.64796,..,0.71021,1.47992
2000,YR2000,"School life expectancy, primary to tertiary, both sexes (years)",SE.SCH.LIFE,11.98775,15.53583,..,..,15.88034,..,13.15432,11.65309,14.93727,15.12698,16.09624,..,15.70854,15.7043,17.49786,16.56546,..,15.21968,..,8.30649,..
2000,YR2000,"Teachers in tertiary education programmes, both sexes (number)",SE.TER.TCHR,201534,112721,..,183194,..,523326,..,85743,117740,..,94360,65204,107032,..,14612,42998,..,8243,274210,399023,472629
2000,YR2000,"Total outbound internationally mobile tertiary students studying abroad, all countries, both sexes (number)",UIS.OE.56.40510,15818,6914,5711,18529,31098,154602,5256,12922,49790,45099,21270,30477,27306,9412,13236,11265,5678,7292,54719,66792,58931
2000,YR2000,"Enrolment in tertiary education, all programmes, both sexes (number)",SE.TER.ENRL,1962763,1766933,..,2781328,1212161,7364111,452177,934085,2015344,..,2024138,..,1828987,373745,190943,487649,..,156879,..,9404460,3982069
2010,YR2010,Current expenditure as % of total expenditure in tertiary public institutions (%),UIS.XSPENDP.56.FDPUB.FNCUR,91.47654,98.56399,87.02252,86.87077,87.65044,..,94.65514,49.75923,..,..,..,..,81.58043,91.53449,93.43268,90.12122,99.76998,90.09614,89.45252,..,81.12226
2010,YR2010,All staff compensation as % of total expenditure in tertiary public institutions (%),UIS.XSPENDP.56.FDPUB.FNS,67.19755,84.69748,54.29341,70.8659,57.20238,..,59.24033,46.11624,..,..,..,..,63.02524,68.27174,62.88627,63.88893,..,67.80701,59.62628,..,44.55738
2010,YR2010,"Inbound mobility rate, both sexes (%)",UIS.MSEP.56,..,..,..,0.22491,7.43157,0.23086,0.97383,..,11.5779,3.35234,15.72921,0.73209,2.98131,2.87623,7.00337,4.29679,..,15.36163,..,..,3.69102
2010,YR2010,"Net flow of internationally mobile students (inbound - outbound), both sexes (number)",UIS.MENF.56,..,..,260523,-19011,59868,-496311,-2362,..,202505,617642,365132,-19525,30846,-1712,1873,15346,59519,26603,..,..,101343
2010,YR2010,"Net flow ratio of internationally mobile students (inbound - outbound), both sexes (%)",UIS.MENFR.56,..,..,..,-0.29012,4.18608,-1.59859,-0.23916,..,9.01988,3.02355,14.72783,-0.55322,1.64164,-0.44627,0.83353,2.35764,..,10.69945,..,..,2.64168
2010,YR2010,"Outbound mobility ratio, all regions, both sexes (%)",UIS.OMR.56,0.94475,0.38727,..,0.51504,3.24551,1.82945,1.21295,1.73188,2.55803,0.32879,1.00136,1.28531,1.33969,3.32251,6.16989,1.93919,..,4.66208,..,1.01644,1.04933
2010,YR2010,"School life expectancy, primary to tertiary, both sexes (years)",SE.SCH.LIFE,13.39921,16.96805,..,..,15.12165,12.42572,15.10027,13.92935,15.13388,16.05248,16.36291,13.82675,16.33001,16.11691,17.54863,16.99106,..,15.62875,..,10.73543,..
2010,YR2010,"Teachers in tertiary education programmes, both sexes (number)",SE.TER.TCHR,309952,..,..,345335,207062.59608,1556926,..,..,..,..,140354,105427,155239,36215,..,51675,..,39842,..,..,527950
2010,YR2010,"Total outbound internationally mobile tertiary students studying abroad, all countries, both sexes (number)",UIS.OE.56.40510,26901,9763,10708,33749,46416,567984,11980,28999,57430,67165,24826,45363,25172,12746,13864,12622,6600,11592,105110,210817,40256
2010,YR2010,"Enrolment in tertiary education, all programmes, both sexes (number)",SE.TER.ENRL,2847376,2520985,..,6552707,1430169,31046735,987643,1674420,2245097,..,2479197,3529334,1878973,383627,224706,650905,..,248639,..,20740740,3836314
2011,YR2011,Current expenditure as % of total expenditure in tertiary public institutions (%),UIS.XSPENDP.56.FDPUB.FNCUR,92.42175,..,85.80403,91.98552,85.19567,..,94.13918,53.57852,..,..,..,..,81.58043,92.1241,94.15846,90.42231,..,88.61275,88.50316,..,87.94441
2011,YR2011,All staff compensation as % of total expenditure in tertiary public institutions (%),UIS.XSPENDP.56.FDPUB.FNS,71.18611,..,53.24981,77.15776,55.76752,..,60.48745,49.5959,..,..,..,..,63.02524,68.55526,63.24738,63.87099,..,67.16353,58.97161,..,48.92457
2011,YR2011,"Inbound mobility rate, both sexes (%)",UIS.MSEP.56,..,..,..,0.20827,8.16061,0.25437,0.27687,..,11.87069,3.37629,16.84985,0.81523,3.21131,3.37045,7.23765,4.91876,..,16.22183,..,0.1033,3.90309
2011,YR2011,"Net flow of internationally mobile students (inbound - outbound), both sexes (number)",UIS.MENF.56,..,..,251664,-21623,74613,-573536,-10200,..,207738,639076,391089,-15376,34985,183,1048,24823,63922,29850,..,-179149,115581
2011,YR2011,"Net flow ratio of internationally mobile students (inbound - outbound), both sexes (%)",UIS.MENFR.56,..,..,..,-0.31205,5.03379,-1.83189,-0.96088,..,9.19419,3.04088,15.69199,-0.40282,1.79366,0.04618,0.45616,3.18238,..,11.58342,..,-0.6722,2.97847
2011,YR2011,"Outbound mobility ratio, all regions, both sexes (%)",UIS.OMR.56,0.91452,0.35311,..,0.52032,3.12682,2.08626,1.23777,1.66893,2.6765,0.3354,1.15787,1.21805,1.41766,3.32425,6.78147,1.73634,..,4.63823,..,0.77551,0.92462
2011,YR2011,"School life expectancy, primary to tertiary, both sexes (years)",SE.SCH.LIFE,13.44376,17.17383,..,13.93065,15.23603,..,15.32625,14.02897,15.19117,16.15179,15.72979,14.33329,16.62454,16.2148,17.56864,17.85778,..,15.73498,..,11.29448,..
2011,YR2011,"Teachers in tertiary education programmes, both sexes (number)",SE.TER.TCHR,326299,..,..,357418,192035,1606554,..,..,..,..,139758,111495,153364,38064,..,58582,..,41480,..,..,531768
2011,YR2011,"Total outbound internationally mobile tertiary students studying abroad, all countries, both sexes (number)",UIS.OE.56.40510,27265,9395,10933,36055,46347,653174,13139,30866,60474,70489,28857,46494,27651,13173,15580,13544,6506,11953,114064,206680,35880
2011,YR2011,"Enrolment in tertiary education, all programmes, both sexes (number)",SE.TER.ENRL,2981313,2660514,..,6929324,1482243,31308378,1061527,1849466,2259448,..,2492284,3817086,1950482,396268,229743,780014,..,257696,..,26650953,3880544
2012,YR2012,Current expenditure as % of total expenditure in tertiary public institutions (%),UIS.XSPENDP.56.FDPUB.FNCUR,93.1877,94.73586,..,90.58432,..,..,..,52.10378,..,..,..,..,84.32987,..,..,89.02234,..,88.92549,89.65845,..,88.68757
2012,YR2012,All staff compensation as % of total expenditure in tertiary public institutions (%),UIS.XSPENDP.56.FDPUB.FNS,71.77607,88.9626,..,73.48259,..,..,..,48.17502,..,..,..,..,66.68378,..,..,61.74396,..,68.1755,59.99928,..,49.20521
2012,YR2012,"Inbound mobility rate, both sexes (%)",UIS.MSEP.56,..,..,..,0.21019,8.98,0.27306,0.30936,..,11.81894,3.52709,17.13637,0.8864,2.83641,4.74668,7.74649,7.24551,4.19401,16.49572,..,0.09918,3.87725
2012,YR2012,"Net flow of internationally mobile students (inbound - outbound), both sexes (number)",UIS.MENF.56,..,..,238449,-22365,89171,-609543,-8990,..,207173,668419,401085,-8011,24884,5834,1843,42523,35775,32689,..,-163700,117117
2012,YR2012,"Net flow ratio of internationally mobile students (inbound - outbound), both sexes (%)",UIS.MENFR.56,..,..,..,-0.30885,5.92331,-1.87057,-0.80356,..,9.02201,3.18384,16.07053,-0.18401,1.26583,1.49485,0.77364,5.35771,3.55715,12.12621,..,-0.57301,3.01488
2012,YR2012,"Outbound mobility ratio, all regions, both sexes (%)",UIS.OMR.56,0.87657,0.30023,..,0.51904,3.05665,2.14363,1.11288,1.56889,2.79691,0.34326,1.06584,1.07041,1.57057,3.25178,6.97289,1.88784,0.63685,4.36952,..,0.67219,0.86237
2012,YR2012,"School life expectancy, primary to tertiary, both sexes (years)",SE.SCH.LIFE,13.70121,17.10737,..,..,15.65993,..,15.43757,13.75542,15.26072,16.13654,15.6733,14.42037,16.95605,16.30388,17.47475,17.82704,13.49765,15.81684,..,11.52486,..
2012,YR2012,"Teachers in tertiary education programmes, both sexes (number)",SE.TER.TCHR,342269,..,..,362732,194130,..,..,..,115511,..,139785,118839,155538,37078,23627,59431,..,46193,..,..,536753
2012,YR2012,"Total outbound internationally mobile tertiary students studying abroad, all countries, both sexes (number)",UIS.OE.56.40510,27710,8186,11139,37586,46016,698522,12451,30726,64226,72063,26601,46601,30875,12691,16611,14983,6405,11779,118168,192035,33500
2012,YR2012,"Enrolment in tertiary education, all programmes, both sexes (number)",SE.TER.ENRL,3161195,2726557,..,7241405,1505424,32585961,1118773,1958429,2296306,..,2495779,4353542,1965829,390273,238224,793678,1005721,269573,..,28568409,3884638
2013,YR2013,Current expenditure as % of total expenditure in tertiary public institutions (%),UIS.XSPENDP.56.FDPUB.FNCUR,92.28385,97.10962,87.01936,90.69018,90.97169,..,..,54.93129,..,89.6347,..,..,86.93152,93.81605,92.68429,88.06735,..,90.69132,90.96819,..,86.82076
2013,YR2013,All staff compensation as % of total expenditure in tertiary public institutions (%),UIS.XSPENDP.56.FDPUB.FNS,66.20746,94.72462,54.19359,72.60728,60.81097,..,..,49.93059,..,59.37424,..,..,66.79988,69.43606,63.87467,62.59543,..,68.61999,60.52497,..,46.98356
2013,YR2013,"Inbound mobility rate, both sexes (%)",UIS.MSEP.56,0.243,..,..,..,9.72349,0.2828,0.25562,..,9.77869,3.92751,17.46263,1.09305,2.86182,3.91941,3.61528,..,4.08954,16.84654,7.07259,0.12216,3.51571
2013,YR2013,"Net flow of internationally mobile students (inbound - outbound), both sexes (number)",UIS.MENF.56,-19974,..,237876,..,104503,-623027,-9969,..,151985,708777,388074,9074,26319,3215,-8915,55295,35304,34934,76110,-156218,102376
2013,YR2013,"Net flow ratio of internationally mobile students (inbound - outbound), both sexes (%)",UIS.MENFR.56,-0.60521,..,..,..,6.71851,-1.82753,-0.84914,..,6.50027,3.54874,16.26327,0.18237,1.33639,0.86658,-3.49038,..,3.40906,12.48392,2.73776,-0.55445,2.65034
2013,YR2013,"Outbound mobility ratio, all regions, both sexes (%)",UIS.OMR.56,0.84823,0.27299,..,0.52459,3.00496,2.11032,1.10473,1.52474,3.27843,0.37877,1.19937,0.91069,1.52541,3.05289,7.10586,..,0.68046,4.36244,4.33485,0.67661,0.86537
2013,YR2013,"School life expectancy, primary to tertiary, both sexes (years)",SE.SCH.LIFE,13.87196,17.09185,..,..,15.7385,..,16.1087,14.28951,15.41289,16.14976,17.63429,16.45841,17.1725,16.75221,17.69016,..,..,15.98027,16.73334,11.54076,..
2013,YR2013,"Teachers in tertiary education programmes, both sexes (number)",SE.TER.TCHR,364641,..,..,367282,195635.21125,..,..,116810,109827,..,145293.8015,130653,151351,35482,24419,..,..,..,369749.2195,1308571,542234
2013,YR2013,"Total outbound internationally mobile tertiary students studying abroad, all countries, both sexes (number)",UIS.OE.56.40510,27994,7557,11992,39560,46741,719436,12970,32160,76654,75650,28619,45313,30042,11326,18149,13648,7047,12208,120509,190637,33427
2013,YR2013,"Enrolment in tertiary education, all programmes, both sexes (number)",SE.TER.ENRL,3300348,2768211,..,7541112,1555449,34091290,1174011,2109224,2338135,..,2386199,4975690,1969413,371000,255416,..,1035594,279832,2780012.87396,28175135,3862749
2014,YR2014,Current expenditure as % of total expenditure in tertiary public institutions (%),UIS.XSPENDP.56.FDPUB.FNCUR,91.91106,97.25044,87.8727,92.03531,91.40336,..,..,47.05832,..,89.13582,..,..,87.74619,93.77161,92.33487,87.43381,100,88.87778,91.30334,..,81.01177
2014,YR2014,All staff compensation as % of total expenditure in tertiary public institutions (%),UIS.XSPENDP.56.FDPUB.FNS,62.05409,83.88939,54.31914,74.07499,61.37946,..,..,43.47983,..,58.75223,..,..,67.8642,69.88526,63.05787,61.26233,60.7036,67.34485,61.1972,..,42.80334
2014,YR2014,"Inbound mobility rate, both sexes (%)",UIS.MSEP.56,..,..,..,0.23653,10.41181,0.25813,0.26901,0.17418,9.84239,4.27601,18.22084,0.88045,..,4.10906,3.49726,..,4.18186,17.10329,7.22965,0.12866,3.43525
2014,YR2014,"Net flow of internationally mobile students (inbound - outbound), both sexes (number)",UIS.MENF.56,..,..,253676,-26177,116737,-662567,-10061,-29885,153050,764421,398661,2994,..,3310,-9079,55861,35321,37219,92044,-176962,98803
2014,YR2014,"Net flow ratio of internationally mobile students (inbound - outbound), both sexes (%)",UIS.MENFR.56,..,..,..,-0.32429,7.39888,-1.58039,-0.83481,-1.34578,6.40677,3.88027,16.94315,0.05471,..,0.91386,-3.43632,..,3.4678,12.84645,3.16063,-0.58392,2.55803
2014,YR2014,"Outbound mobility ratio, all regions, both sexes (%)",UIS.OMR.56,0.847,0.26828,..,0.56081,3.01295,1.83852,1.1038,1.51995,3.43564,0.39574,1.27767,0.82574,1.66297,3.19525,6.93349,..,0.71402,4.25687,4.06902,0.71258,0.87721
2014,YR2014,"School life expectancy, primary to tertiary, both sexes (years)",SE.SCH.LIFE,14.04315,17.27014,..,..,15.80449,..,16.24947,14.22658,15.44229,16.14966,17.48591,16.92144,17.29005,16.51876,17.68294,..,13.99991,..,16.73534,11.86467,..
2014,YR2014,"Teachers in tertiary education programmes, both sexes (number)",SE.TER.TCHR,349193,..,..,425842,197851,..,..,143055,..,1580932,151566,142437,153905,33528,25673,..,..,32674,384603.96328,1238349,545477
2014,YR2014,"Total outbound internationally mobile tertiary students studying abroad, all countries, both sexes (number)",UIS.OE.56.40510,28962,7698,12372,45270,47537,770784,13303,33753,82073,77963,30063,45189,32963,11573,18319,14831,7273,12333,118498,215954,33882
2014,YR2014,"Enrolment in tertiary education, all programmes, both sexes (number)",SE.TER.ENRL,3419391,2869450,..,8072146,1577766,41924198,1205182,2220652,2388880,19700221,2352932.78179,5472521,1982162,362200,264207,..,1018543,289722,2912203.43479,30305849,3862460
2015,YR2015,Current expenditure as % of total expenditure in tertiary public institutions (%),UIS.XSPENDP.56.FDPUB.FNCUR,92.75636,95.50084,88.57452,95.6394,91.26813,..,..,45.59368,..,90.05815,..,..,87.11534,92.15091,90.26642,88.51828,..,90.1119,90.83085,..,..
2015,YR2015,All staff compensation as % of total expenditure in tertiary public institutions (%),UIS.XSPENDP.56.FDPUB.FNS,66.72991,83.68521,54.49,77.40367,61.31704,..,..,41.9593,..,59.33491,..,..,68.0257,68.72687,61.62978,61.07138,..,68.28617,60.8297,..,..
2015,YR2015,"Inbound mobility rate, both sexes (%)",UIS.MSEP.56,0.28429,..,15.46862,0.23964,10.97118,0.28392,0.31184,0.18849,9.87597,4.64501,18.48803,1.19049,..,5.00375,3.62784,10.22892,4.12091,17.18152,7.6821,0.13079,3.43216
2015,YR2015,"Net flow of internationally mobile students (inbound - outbound), both sexes (number)",UIS.MENF.56,-20665,..,282295,-30953,121684,-696728,-9806,-30785,152725,826691,399354,26494,..,4673,-9038,70972,35961,37862,111658,-215013,101423
2015,YR2015,"Net flow ratio of internationally mobile students (inbound - outbound), both sexes (%)",UIS.MENFR.56,-0.58784,..,14.83067,-0.37358,7.77969,-1.60657,-0.8026,-1.34224,6.30013,4.23255,17.1372,0.43699,..,1.38456,-3.36948,8.42297,3.42205,12.85855,3.7497,-0.66967,2.63752
2015,YR2015,"Outbound mobility ratio, all regions, both sexes (%)",UIS.OMR.56,0.87214,0.27284,0.63796,0.61322,3.1915,1.89049,1.11442,1.53073,3.57584,0.41246,1.35085,0.7535,1.7804,3.61925,6.99749,1.8059,0.6989,4.32312,3.93238,0.80046,0.79465
2015,YR2015,"School life expectancy, primary to tertiary, both sexes (years)",SE.SCH.LIFE,14.19681,17.40955,23.08892,..,15.8914,..,16.36504,14.29211,15.4227,16.19199,17.32866,17.32137,17.47447,16.44728,17.78389,18.0801,..,16.19401,16.78934,11.94596,..
2015,YR2015,"Teachers in tertiary education programmes, both sexes (number)",SE.TER.TCHR,363695,..,..,428912,204765,..,..,149280,..,1580932,148524.126,148903,157001,32346,27019,62583.342,..,..,396222.85229,1321850,549973
2015,YR2015,"Total outbound internationally mobile tertiary students studying abroad, all countries, both sexes (number)",UIS.OE.56.40510,30659,8093,12143,50808,49919,819855,13616,35108,86684,80560,31479,45684,34966,12215,18769,15217,7344,12729,117098,257006,30557
2015,YR2015,"Enrolment in tertiary education, all programmes, both sexes (number)",SE.TER.ENRL,3515404,2966125,1903454,8285475,1564125,43367394,1221774,2293550,2424158,19531727.01137,2330334.47948,6062886,1963924,337507,268231,842601,1050860,294450,2977781,32107419,3845395
,,,,,,,,,,,,,,,,,,,,,,,,
,,,,,,,,,,,,,,,,,,,,,,,,
,,,,,,,,,,,,,,,,,,,,,,,,
Data from database: Education Statistics - All Indicators,,,,,,,,,,,,,,,,,,,,,,,,
Last Updated: 06/25/2024,,,,,,,,,,,,,,,,,,,,,,,,
