INDICATOR_ID,COUNTRY_ID,YEAR,TYPE,METADATA
CR.2.RUR.Q1,AFG,2011,Source:Data sources,"Afghanistan MICS 2010-11. The survey collected data on school attendance for age 5-24 and educational attainment for age 5 and above."
CR.2.RUR.Q1,AFG,2015,Source:Data sources,"Afghanistan DHS 2015. The survey collected data on school attendance for age 5-24 and educational attainment for age 5 and above."
CR.2.RUR.Q1,AGO,2015,Source:Data sources,"Angola DHS 2016. The survey collected data on school attendance for age 3-24 and educational attainment for age 3 and above."
CR.2.RUR.Q1,ALB,2009,Source:Data sources,"Albania DHS 2008-09. The survey collected data on school attendance for age 6-24 and educational attainment for age 6 and above."
CR.2.RUR.Q1,ALB,2017,Source:Data sources,"Albania DHS 2017-18. The survey collected data on school attendance for age 6-24 and educational attainment for age 6 and above."
CR.2.RUR.Q1,ALB,2018,Source:Data sources,"Albania DHS 2017-18. The survey collected data on school attendance for age 6-24 and educational attainment for age 6 and above."
CR.2.RUR.Q1,ARM,2006,Source:Data sources,"Armenia DHS 2005. The survey collected data on school attendance for age 5-24 and educational attainment for age 5 and above."
CR.2.RUR.Q1,ARM,2011,Source:Data sources,"Armenia DHS 2010. The survey collected data on school attendance for age 5-24 and educational attainment for age 5 and above."
CR.2.RUR.Q1,ARM,2016,Source:Data sources,"Armenia DHS 2015-16. The survey collected data on school attendance for age 5-24 and educational attainment for age 5 and above."
CR.2.RUR.Q1,AZE,2006,Source:Data sources,"Azerbaijan DHS 2006. The survey collected data on school attendance for age 5-24 and educational attainment for age 5 and above."
CR.2.RUR.Q1,BDI,2000,Source:Data sources,"Burundi MICS 2000. The survey collected data on school attendance for age 5-19 and educational attainment for age 5 and above."
CR.2.RUR.Q1,BDI,2010,Source:Data sources,"Burundi DHS 2010. The survey collected data on school attendance for age 5-24 and educational attainment for age 5 and above."
CR.2.RUR.Q1,BDI,2017,Source:Data sources,"Burundi DHS 2016-17. The survey collected data on school attendance for age 3-24 and educational attainment for age 3 and above."
CR.2.RUR.Q1,BEN,2006,Source:Data sources,"Benin DHS 2006. The survey collected data on school attendance for age 5-24 and educational attainment for age 5 and above."
CR.2.RUR.Q1,BEN,2011,Source:Data sources,"Benin DHS 2011-12. The survey collected data on school attendance for age 5-24 and educational attainment for age 5 and above."
CR.2.RUR.Q1,BEN,2014,Source:Data sources,"Benin MICS 2014. The survey collected data on school attendance for age 5-24 and educational attainment for age 5 and above."
CR.2.RUR.Q1,BEN,2018,Source:Data sources,"Benin DHS 2017-18. The survey collected data on school attendance for age 5-24 and educational attainment for age 5 and above."
CR.2.RUR.Q1,BFA,2003,Source:Data sources,"Burkina Faso DHS 2003. The survey collected data on school attendance for age 5-24 and educational attainment for age 5 and above."
CR.2.RUR.Q1,BFA,2006,Source:Data sources,"Burkina Faso MICS 2006. The survey collected data on school attendance for age 5-24 and educational attainment for age 5 and above."
CR.2.RUR.Q1,BFA,2010,Source:Data sources,"Burkina Faso DHS 2010. The survey collected data on school attendance for age 5-24 and educational attainment for age 5 and above."
CR.2.RUR.Q1,BGD,2006,Source:Data sources,"Bangladesh MICS 2006. The survey collected data on school attendance for age 5-24 and educational attainment for age 5 and above."
CR.2.RUR.Q1,BGD,2011,Source:Data sources,"Bangladesh DHS 2011. The survey collected data on school attendance for age 5-24 and educational attainment for age 5 and above."
CR.2.RUR.Q1,BGD,2014,Source:Data sources,"Bangladesh DHS 2014. The survey collected data on school attendance for age 5-24 and educational attainment for age 5 and above."
CR.2.RUR.Q1,BGD,2019,Source:Data sources,"Bangladesh MICS 2019. The survey collected data on school attendance for age 3-24 and educational attainment for age 3 and above."
CR.2.RUR.Q1,BIH,2012,Source:Data sources,"Bosnia and Herzegovina MICS 2011-12. The survey collected data on school attendance for age 5-24 and educational attainment for age 5 and above."
CR.2.RUR.Q1,BLR,2012,Source:Data sources,"Belarus MICS 2012. The survey collected data on school attendance for age 5-24 and educational attainment for age 5 and above."
CR.2.RUR.Q1,BLZ,2016,Source:Data sources,"Belize MICS 2015-16. The survey collected data on school attendance for age 5-24 and educational attainment for age 5 and above."
CR.2.RUR.Q1,BOL,2000,Source:Data sources,"Bolivia Encuesta Continua de Hogares (ECH) 2000. ECLAC calculations based on household survey data bank."
CR.2.RUR.Q1,BOL,2001,Source:Data sources,"Bolivia Encuesta Continua de Hogares (ECH) 2001. ECLAC calculations based on household survey data bank."
CR.2.RUR.Q1,BOL,2002,Source:Data sources,"Bolivia Encuesta de Hogares 2002. ECLAC calculations based on household survey data bank."
CR.2.RUR.Q1,BOL,2003,Source:Data sources,"Bolivia DHS 2003-04. The survey collected data on school attendance for age 6-24 and educational attainment for age 6 and above."
CR.2.RUR.Q1,BOL,2004,Source:Data sources,"Bolivia Encuesta Continua de Hogares (ECH) 2004. ECLAC calculations based on household survey data bank."
CR.2.RUR.Q1,BOL,2004,Source:Data sources,"Value based on 25-49 unweighted observations in sample."
CR.2.RUR.Q1,BOL,2005,Source:Data sources,"Bolivia Encuesta Continua de Hogares (ECH) 2005. ECLAC calculations based on household survey data bank."
CR.2.RUR.Q1,BOL,2006,Source:Data sources,"Bolivia Encuesta Continua de Hogares (ECH) 2006. ECLAC calculations based on household survey data bank."
CR.2.RUR.Q1,BOL,2007,Source:Data sources,"Bolivia Encuesta Continua de Hogares (ECH) 2007. ECLAC calculations based on household survey data bank."
CR.2.RUR.Q1,BOL,2008,Source:Data sources,"Bolivia DHS 2008. The survey collected data on school attendance for age 6-24 and educational attainment for age 6 and above."
CR.2.RUR.Q1,BOL,2009,Source:Data sources,"Bolivia Encuesta Continua de Hogares (ECH) 2009. ECLAC calculations based on household survey data bank."
CR.2.RUR.Q1,BOL,2011,Source:Data sources,"Bolivia Encuesta Continua de Hogares (ECH) 2011. ECLAC calculations based on household survey data bank."
CR.2.RUR.Q1,BOL,2012,Source:Data sources,"Bolivia Encuesta Continua de Hogares (ECH) 2012. ECLAC calculations based on household survey data bank."
CR.2.RUR.Q1,BOL,2013,Source:Data sources,"Bolivia Encuesta Continua de Hogares (ECH) 2013. ECLAC calculations based on household survey data bank."
CR.2.RUR.Q1,BOL,2014,Source:Data sources,"Bolivia Encuesta Continua de Hogares (ECH) 2014. ECLAC calculations based on household survey data bank."
CR.2.RUR.Q1,BOL,2015,Source:Data sources,"Bolivia Encuesta Continua de Hogares (ECH) 2015. ECLAC calculations based on household survey data bank."
CR.2.RUR.Q1,BOL,2016,Source:Data sources,"Bolivia Encuesta Continua de Hogares (ECH) 2016. ECLAC calculations based on household survey data bank."
CR.2.RUR.Q1,BOL,2017,Source:Data sources,"Bolivia Encuesta Continua de Hogares (ECH) 2017. ECLAC calculations based on household survey data bank."
CR.2.RUR.Q1,BOL,2018,Source:Data sources,"Bolivia Encuesta Continua de Hogares (ECH) 2018. ECLAC calculations based on household survey data bank."
CR.2.RUR.Q1,BRA,2001,Source:Data sources,"Brazil Pesquisa por Amostra de Domicilios (PNAD) 2001. ECLAC calculations based on household survey data bank."
CR.2.RUR.Q1,BRA,2002,Source:Data sources,"Brazil Pesquisa por Amostra de Domicilios (PNAD) 2002. ECLAC calculations based on household survey data bank."
CR.2.RUR.Q1,BRA,2003,Source:Data sources,"Brazil Pesquisa por Amostra de Domicilios (PNAD) 2003. ECLAC calculations based on household survey data bank."
CR.2.RUR.Q1,BRA,2004,Source:Data sources,"Brazil Pesquisa por Amostra de Domicilios (PNAD) 2004. ECLAC calculations based on household survey data bank."
CR.2.RUR.Q1,BRA,2005,Source:Data sources,"Brazil Pesquisa por Amostra de Domicilios (PNAD) 2005. ECLAC calculations based on household survey data bank."
CR.2.RUR.Q1,BRA,2006,Source:Data sources,"Brazil Pesquisa por Amostra de Domicilios (PNAD) 2006. ECLAC calculations based on household survey data bank."
CR.2.RUR.Q1,BRA,2007,Source:Data sources,"Brazil Pesquisa por Amostra de Domicilios (PNAD) 2007. ECLAC calculations based on household survey data bank."
CR.2.RUR.Q1,BRA,2008,Source:Data sources,"Brazil Pesquisa por Amostra de Domicilios (PNAD) 2008. ECLAC calculations based on household survey data bank."
CR.2.RUR.Q1,BRA,2009,Source:Data sources,"Brazil Pesquisa por Amostra de Domicilios (PNAD) 2009. ECLAC calculations based on household survey data bank."
CR.2.RUR.Q1,BRA,2011,Source:Data sources,"Brazil Pesquisa por Amostra de Domicilios (PNAD) 2011. ECLAC calculations based on household survey data bank."
CR.2.RUR.Q1,BRA,2012,Source:Data sources,"Brazil Pesquisa por Amostra de Domicilios (PNAD) 2012. ECLAC calculations based on household survey data bank."
CR.2.RUR.Q1,BRA,2013,Source:Data sources,"Brazil Pesquisa por Amostra de Domicilios (PNAD) 2013. ECLAC calculations based on household survey data bank."
CR.2.RUR.Q1,BRA,2014,Source:Data sources,"Brazil Pesquisa por Amostra de Domicilios (PNAD) 2014. ECLAC calculations based on household survey data bank."
CR.2.RUR.Q1,BRA,2015,Source:Data sources,"Brazil Pesquisa por Amostra de Domicilios (PNAD) 2015. ECLAC calculations based on household survey data bank."
CR.2.RUR.Q1,BRA,2016,Source:Data sources,"Brazil Pesquisa por Amostra de Domicilios Continua (PNAD) Continua 2016. ECLAC calculations based on household survey data bank."
CR.2.RUR.Q1,BRA,2017,Source:Data sources,"Brazil Pesquisa por Amostra de Domicilios Continua (PNAD) Continua 2017. ECLAC calculations based on household survey data bank."
CR.2.RUR.Q1,BRA,2018,Source:Data sources,"Brazil Pesquisa por Amostra de Domicilios Continua (PNAD) Continua 2018. ECLAC calculations based on household survey data bank."
CR.2.RUR.Q1,BRB,2012,Source:Data sources,"Barbados MICS 2011-2012. The survey collected data on school attendance for age 4-24 and educational attainment for age 4 and above."
CR.2.RUR.Q1,BRB,2012,Source:Data sources,"Value suppressed (less than 25 unweighted observations in sample)."
CR.2.RUR.Q1,BTN,2010,Source:Data sources,"Bhutan MICS 2010. The survey collected data on school attendance for age 4-24 and educational attainment for age 4 and above."
CR.2.RUR.Q1,CAF,2006,Source:Data sources,"Central African Republic MICS 2006. The survey collected data on school attendance for age 5-24 and educational attainment for age 5 and above."
CR.2.RUR.Q1,CAF,2010,Source:Data sources,"Central African Republic MICS 2009-10. The survey collected data on school attendance for age 5-24 and educational attainment for age 5 and above."
CR.2.RUR.Q1,CHL,2000,Source:Data sources,"Chile Encuesta de Caracterizacion Socioeconomica Nacional (CASEN) 2000. ECLAC calculations based on household survey data bank."
CR.2.RUR.Q1,CHL,2003,Source:Data sources,"Chile Encuesta de Caracterizacion Socioeconomica Nacional (CASEN) 2003. ECLAC calculations based on household survey data bank."
CR.2.RUR.Q1,CHL,2006,Source:Data sources,"Chile Encuesta de Caracterizacion Socioeconomica Nacional (CASEN) 2006. ECLAC calculations based on household survey data bank."
CR.2.RUR.Q1,CHL,2009,Source:Data sources,"Chile Encuesta de Caracterizacion Socioeconomica Nacional (CASEN) 2009. ECLAC calculations based on household survey data bank."
CR.2.RUR.Q1,CHL,2011,Source:Data sources,"Chile Encuesta de Caracterizacion Socioeconomica Nacional (CASEN) 2011. ECLAC calculations based on household survey data bank."
CR.2.RUR.Q1,CHL,2013,Source:Data sources,"Chile Encuesta de Caracterizacion Socioeconomica Nacional (CASEN) 2013. ECLAC calculations based on household survey data bank."
CR.2.RUR.Q1,CHL,2015,Source:Data sources,"Chile Encuesta de Caracterizacion Socioeconomica Nacional (CASEN) 2015. ECLAC calculations based on household survey data bank."
CR.2.RUR.Q1,CHL,2017,Source:Data sources,"Chile Encuesta de Caracterizacion Socioeconomica Nacional (CASEN) 2017. ECLAC calculations based on household survey data bank."
CR.2.RUR.Q1,CIV,2006,Source:Data sources,"Cote d'Ivoire MICS 2006. The survey collected data on school attendance for age 5-24 and educational attainment for age 5 and above."
CR.2.RUR.Q1,CIV,2012,Source:Data sources,"Cote d'Ivoire DHS 2011-12. The survey collected data on school attendance for age 3-24 and educational attainment for age 3 and above."
CR.2.RUR.Q1,CIV,2016,Source:Data sources,"Cote d'Ivoire MICS 2016. The survey collected data on school attendance for age 5-24 and educational attainment for age 5 and above."
CR.2.RUR.Q1,CMR,2004,Source:Data sources,"Cameroon DHS 2004. The survey collected data on school attendance for age 3-24 and educational attainment for age 3 and above."
CR.2.RUR.Q1,CMR,2006,Source:Data sources,"Cameroon MICS 2006. The survey collected data on school attendance for age 5-24 and educational attainment for age 5 and above."
CR.2.RUR.Q1,CMR,2011,Source:Data sources,"Cameroon DHS 2011. The survey collected data on school attendance for age 3-24 and educational attainment for age 3 and above."
CR.2.RUR.Q1,CMR,2014,Source:Data sources,"Cameroon MICS 2013-14. The survey collected data on school attendance for age 5-24 and educational attainment for age 5 and above."
CR.2.RUR.Q1,COD,2007,Source:Data sources,"Democratic Republic of the Congo DHS 2007. The survey collected data on school attendance for age 5-24 and educational attainment for age 5 and above."
CR.2.RUR.Q1,COD,2010,Source:Data sources,"Democratic Republic of the Congo MICS 2010. The survey collected data on school attendance for age 5-24 and educational attainment for age 5 and above."
CR.2.RUR.Q1,COD,2013,Source:Data sources,"Democratic Republic of the Congo DHS 2013-14. The survey collected data on school attendance for age 5-24 and educational attainment for age 5 and above."
CR.2.RUR.Q1,COG,2005,Source:Data sources,"Congo DHS 2005. The survey collected data on school attendance for age 6-24 and educational attainment for age 6 and above."
CR.2.RUR.Q1,COG,2012,Source:Data sources,"Congo DHS 2011-12. The survey collected data on school attendance for age 5-24 and educational attainment for age 5 and above."
CR.2.RUR.Q1,COG,2015,Source:Data sources,"Congo MICS 2014-15. The survey collected data on school attendance for age 5-24 and educational attainment for age 5 and above."
CR.2.RUR.Q1,COL,2002,Source:Data sources,"Colombia Encuesta Nacional de Hogares - Fuerza de Trabajo 2002. ECLAC calculations based on household survey data bank."
CR.2.RUR.Q1,COL,2003,Source:Data sources,"Colombia Encuesta Nacional de Hogares - Fuerza de Trabajo 2003. ECLAC calculations based on household survey data bank."
CR.2.RUR.Q1,COL,2004,Source:Data sources,"Colombia Encuesta Nacional de Hogares - Fuerza de Trabajo 2004. ECLAC calculations based on household survey data bank."
CR.2.RUR.Q1,COL,2005,Source:Data sources,"Colombia DHS 2004-05. The survey collected data on school attendance for age 6-24 and educational attainment for age 6 and above."
CR.2.RUR.Q1,COL,2008,Source:Data sources,"Colombia Encuesta Nacional de Hogares - Fuerza de Trabajo 2008. ECLAC calculations based on household survey data bank."
CR.2.RUR.Q1,COL,2009,Source:Data sources,"Colombia Encuesta Nacional de Hogares - Fuerza de Trabajo 2009. ECLAC calculations based on household survey data bank."
CR.2.RUR.Q1,COL,2010,Source:Data sources,"Colombia DHS 2009-10. The survey collected data on school attendance for age 5-24 and educational attainment for age 5 and above."
CR.2.RUR.Q1,COL,2011,Source:Data sources,"Colombia Gran Encuesta Integrada de Hogares 2011. ECLAC calculations based on household survey data bank."
CR.2.RUR.Q1,COL,2012,Source:Data sources,"Colombia Gran Encuesta Integrada de Hogares 2012. ECLAC calculations based on household survey data bank."
CR.2.RUR.Q1,COL,2013,Source:Data sources,"Colombia Gran Encuesta Integrada de Hogares 2013. ECLAC calculations based on household survey data bank."
CR.2.RUR.Q1,COL,2014,Source:Data sources,"Colombia Gran Encuesta Integrada de Hogares 2014. ECLAC calculations based on household survey data bank."
CR.2.RUR.Q1,COL,2015,Source:Data sources,"Colombia DHS 2015. The survey collected data on school attendance for age 5-24 and educational attainment for age 5 and above."
CR.2.RUR.Q1,COL,2016,Source:Data sources,"Colombia Gran Encuesta Integrada de Hogares 2016. ECLAC calculations based on household survey data bank."
CR.2.RUR.Q1,COL,2017,Source:Data sources,"Colombia Gran Encuesta Integrada de Hogares 2017. ECLAC calculations based on household survey data bank."
CR.2.RUR.Q1,COL,2018,Source:Data sources,"Colombia Gran Encuesta Integrada de Hogares 2018. ECLAC calculations based on household survey data bank."
CR.2.RUR.Q1,COM,2012,Source:Data sources,"Comoros DHS 2012. The survey collected data on school attendance for age 3-24 and educational attainment for age 3 and above."
CR.2.RUR.Q1,CRI,2000,Source:Data sources,"Costa Rica Encuesta de Hogares de Propositos Multiples 2000. ECLAC calculations based on household survey data bank."
CR.2.RUR.Q1,CRI,2001,Source:Data sources,"Costa Rica Encuesta de Hogares de Propositos Multiples 2001. ECLAC calculations based on household survey data bank."
CR.2.RUR.Q1,CRI,2002,Source:Data sources,"Costa Rica Encuesta de Hogares de Propositos Multiples 2002. ECLAC calculations based on household survey data bank."
CR.2.RUR.Q1,CRI,2003,Source:Data sources,"Costa Rica Encuesta de Hogares de Propositos Multiples 2003. ECLAC calculations based on household survey data bank."
CR.2.RUR.Q1,CRI,2004,Source:Data sources,"Costa Rica Encuesta de Hogares de Propositos Multiples 2004. ECLAC calculations based on household survey data bank."
CR.2.RUR.Q1,CRI,2005,Source:Data sources,"Costa Rica Encuesta de Hogares de Propositos Multiples 2005. ECLAC calculations based on household survey data bank."
CR.2.RUR.Q1,CRI,2006,Source:Data sources,"Costa Rica Encuesta de Hogares de Propositos Multiples 2006. ECLAC calculations based on household survey data bank."
CR.2.RUR.Q1,CRI,2007,Source:Data sources,"Costa Rica Encuesta de Hogares de Propositos Multiples 2007. ECLAC calculations based on household survey data bank."
CR.2.RUR.Q1,CRI,2008,Source:Data sources,"Costa Rica Encuesta de Hogares de Propositos Multiples 2008. ECLAC calculations based on household survey data bank."
CR.2.RUR.Q1,CRI,2009,Source:Data sources,"Costa Rica Encuesta de Hogares de Propositos Multiples 2009. ECLAC calculations based on household survey data bank."
CR.2.RUR.Q1,CRI,2010,Source:Data sources,"Costa Rica Encuesta Nacional de Hogares (ENAHO) 2010. ECLAC calculations based on household survey data bank."
CR.2.RUR.Q1,CRI,2011,Source:Data sources,"Costa Rica MICS 2011. The survey collected data on school attendance for age 5-24 and educational attainment for age 5 and above."
CR.2.RUR.Q1,CRI,2012,Source:Data sources,"Costa Rica Encuesta Nacional de Hogares (ENAHO) 2012. ECLAC calculations based on household survey data bank."
CR.2.RUR.Q1,CRI,2013,Source:Data sources,"Costa Rica Encuesta Nacional de Hogares (ENAHO) 2013. ECLAC calculations based on household survey data bank."
CR.2.RUR.Q1,CRI,2014,Source:Data sources,"Costa Rica Encuesta Nacional de Hogares (ENAHO) 2014. ECLAC calculations based on household survey data bank."
CR.2.RUR.Q1,CRI,2015,Source:Data sources,"Costa Rica Encuesta Nacional de Hogares (ENAHO) 2015. ECLAC calculations based on household survey data bank."
CR.2.RUR.Q1,CRI,2016,Source:Data sources,"Costa Rica Encuesta Nacional de Hogares (ENAHO) 2016. ECLAC calculations based on household survey data bank."
CR.2.RUR.Q1,CRI,2017,Source:Data sources,"Costa Rica Encuesta Nacional de Hogares (ENAHO) 2017. ECLAC calculations based on household survey data bank."
CR.2.RUR.Q1,CRI,2018,Source:Data sources,"Costa Rica Encuesta Nacional de Hogares (ENAHO) 2018. ECLAC calculations based on household survey data bank."
CR.2.RUR.Q1,CUB,2014,Source:Data sources,"Cuba MICS 2014. The survey collected data on educational attainment for age 5 and above."
CR.2.RUR.Q1,CUB,2014,Source:Data sources,"Value suppressed (less than 25 unweighted observations in sample)."
CR.2.RUR.Q1,DJI,2006,Source:Data sources,"Djibouti MICS 2006. The survey collected data on school attendance for age 5-24 and educational attainment for age 5 and above."
CR.2.RUR.Q1,DJI,2006,Source:Data sources,"Value suppressed (less than 25 unweighted observations in sample)."
CR.2.RUR.Q1,DOM,2000,Source:Data sources,"Dominican Republic Encuesta de Fuerza de Trabajo (EFT) 2000. ECLAC calculations based on household survey data bank."
CR.2.RUR.Q1,DOM,2001,Source:Data sources,"Dominican Republic Encuesta de Fuerza de Trabajo (EFT) 2001. ECLAC calculations based on household survey data bank."
CR.2.RUR.Q1,DOM,2002,Source:Data sources,"Dominican Republic Encuesta de Fuerza de Trabajo (EFT) 2002. ECLAC calculations based on household survey data bank."
CR.2.RUR.Q1,DOM,2003,Source:Data sources,"Dominican Republic Encuesta de Fuerza de Trabajo (EFT) 2003. ECLAC calculations based on household survey data bank."
CR.2.RUR.Q1,DOM,2004,Source:Data sources,"Dominican Republic Encuesta de Fuerza de Trabajo (EFT) 2004. ECLAC calculations based on household survey data bank."
CR.2.RUR.Q1,DOM,2005,Source:Data sources,"Dominican Republic Encuesta de Fuerza de Trabajo (EFT) 2005. ECLAC calculations based on household survey data bank."
CR.2.RUR.Q1,DOM,2006,Source:Data sources,"Dominican Republic Encuesta de Fuerza de Trabajo (EFT) 2006. ECLAC calculations based on household survey data bank."
CR.2.RUR.Q1,DOM,2007,Source:Data sources,"Dominican Republic DHS 2007. The survey collected data on school attendance for age 5-34 and educational attainment for age 5 and above."
CR.2.RUR.Q1,DOM,2008,Source:Data sources,"Dominican Republic Encuesta de Fuerza de Trabajo (EFT) 2008. ECLAC calculations based on household survey data bank."
CR.2.RUR.Q1,DOM,2009,Source:Data sources,"Dominican Republic Encuesta de Fuerza de Trabajo (EFT) 2009. ECLAC calculations based on household survey data bank."
CR.2.RUR.Q1,DOM,2010,Source:Data sources,"Dominican Republic Encuesta de Fuerza de Trabajo (EFT) 2010. ECLAC calculations based on household survey data bank."
CR.2.RUR.Q1,DOM,2011,Source:Data sources,"Dominican Republic Encuesta de Fuerza de Trabajo (EFT) 2011. ECLAC calculations based on household survey data bank."
CR.2.RUR.Q1,DOM,2012,Source:Data sources,"Dominican Republic Encuesta de Fuerza de Trabajo (EFT) 2012. ECLAC calculations based on household survey data bank."
CR.2.RUR.Q1,DOM,2013,Source:Data sources,"Dominican Republic DHS 2013. The survey collected data on school attendance for age 5-34 and educational attainment for age 5 and above."
CR.2.RUR.Q1,DOM,2014,Source:Data sources,"Dominican Republic MICS 2013-14. The survey collected data on school attendance for age 5-25 and educational attainment for age 5 and above."
CR.2.RUR.Q1,DOM,2015,Source:Data sources,"Dominican Republic Encuesta de Fuerza de Trabajo (EFT) 2015. ECLAC calculations based on household survey data bank."
CR.2.RUR.Q1,DOM,2016,Source:Data sources,"Dominican Republic Encuesta Nacional Continua de Fuerza de Trabajo - ENCFT 2016. ECLAC calculations based on household survey data bank."
CR.2.RUR.Q1,DOM,2017,Source:Data sources,"Dominican Republic Encuesta Nacional Continua de Fuerza de Trabajo - ENCFT 2017. ECLAC calculations based on household survey data bank."
CR.2.RUR.Q1,DOM,2018,Source:Data sources,"Dominican Republic Encuesta Nacional Continua de Fuerza de Trabajo - ENCFT 2018. ECLAC calculations based on household survey data bank."
CR.2.RUR.Q1,DZA,2013,Source:Data sources,"Algeria MICS 2012-13. The survey collected data on school attendance for age 5-24 and educational attainment for age 5 and above."
CR.2.RUR.Q1,ECU,2001,Source:Data sources,"Ecuador Encuesta de Empleo, Subempleo y Desempleo en el Área Urbana y Rural 2001. ECLAC calculations based on household survey data bank."
CR.2.RUR.Q1,ECU,2003,Source:Data sources,"Ecuador Encuesta de Empleo, Subempleo y Desempleo en el Área Urbana y Rural 2003. ECLAC calculations based on household survey data bank."
CR.2.RUR.Q1,ECU,2005,Source:Data sources,"Ecuador Encuesta de Empleo, Subempleo y Desempleo en el Área Urbana y Rural 2005. ECLAC calculations based on household survey data bank."
CR.2.RUR.Q1,ECU,2006,Source:Data sources,"Ecuador Encuesta de Empleo, Subempleo y Desempleo en el Área Urbana y Rural 2006. ECLAC calculations based on household survey data bank."
CR.2.RUR.Q1,ECU,2007,Source:Data sources,"Ecuador Encuesta de Empleo, Subempleo y Desempleo en el Área Urbana y Rural 2007. ECLAC calculations based on household survey data bank."
CR.2.RUR.Q1,ECU,2008,Source:Data sources,"Ecuador Encuesta de Empleo, Subempleo y Desempleo en el Área Urbana y Rural 2008. ECLAC calculations based on household survey data bank."
CR.2.RUR.Q1,ECU,2009,Source:Data sources,"Ecuador Encuesta de Empleo, Subempleo y Desempleo en el Área Urbana y Rural 2009. ECLAC calculations based on household survey data bank."
CR.2.RUR.Q1,ECU,2010,Source:Data sources,"Ecuador Encuesta de Empleo, Subempleo y Desempleo en el Área Urbana y Rural 2010. ECLAC calculations based on household survey data bank."
CR.2.RUR.Q1,ECU,2011,Source:Data sources,"Ecuador Encuesta de Empleo, Subempleo y Desempleo en el Área Urbana y Rural 2011. ECLAC calculations based on household survey data bank."
CR.2.RUR.Q1,ECU,2012,Source:Data sources,"Ecuador Encuesta de Empleo, Subempleo y Desempleo en el Área Urbana y Rural 2012. ECLAC calculations based on household survey data bank."
CR.2.RUR.Q1,ECU,2013,Source:Data sources,"Ecuador Encuesta de Empleo, Subempleo y Desempleo en el Área Urbana y Rural 2013. ECLAC calculations based on household survey data bank."
CR.2.RUR.Q1,ECU,2014,Source:Data sources,"Ecuador Encuesta de Empleo, Subempleo y Desempleo en el Área Urbana y Rural 2014. ECLAC calculations based on household survey data bank."
CR.2.RUR.Q1,ECU,2015,Source:Data sources,"Ecuador Encuesta de Empleo, Subempleo y Desempleo en el Área Urbana y Rural 2015. ECLAC calculations based on household survey data bank."
CR.2.RUR.Q1,ECU,2016,Source:Data sources,"Ecuador Encuesta de Empleo, Subempleo y Desempleo en el Área Urbana y Rural 2016. ECLAC calculations based on household survey data bank."
CR.2.RUR.Q1,ECU,2017,Source:Data sources,"Ecuador Encuesta de Empleo, Subempleo y Desempleo en el Área Urbana y Rural 2017. ECLAC calculations based on household survey data bank."
CR.2.RUR.Q1,ECU,2018,Source:Data sources,"Ecuador Encuesta de Empleo, Subempleo y Desempleo en el Área Urbana y Rural 2018. ECLAC calculations based on household survey data bank."
CR.2.RUR.Q1,EGY,2005,Source:Data sources,"Egypt DHS 2005. The survey collected data on school attendance for age 6-24 and educational attainment for age 6 and above."
CR.2.RUR.Q1,EGY,2009,Source:Data sources,"Egypt DHS 2008. The survey collected data on school attendance for age 6-24 and educational attainment for age 6 and above."
CR.2.RUR.Q1,EGY,2014,Source:Data sources,"Egypt DHS 2014. The survey collected data on school attendance for age 6-24 and educational attainment for age 6 and above."
CR.2.RUR.Q1,ETH,2000,Source:Data sources,"Ethiopia DHS 2000. The survey collected data on school attendance for age 5-24 and educational attainment for age 5 and above."
CR.2.RUR.Q1,ETH,2000,Source:Data sources,"Value suppressed (less than 25 unweighted observations in sample)."
CR.2.RUR.Q1,ETH,2005,Source:Data sources,"Ethiopia DHS 2005. The survey collected data on school attendance for age 5-24 and educational attainment for age 5 and above."
CR.2.RUR.Q1,ETH,2011,Source:Data sources,"Ethiopia DHS 2011. The survey collected data on school attendance for age 5-24 and educational attainment for age 5 and above."
CR.2.RUR.Q1,ETH,2016,Source:Data sources,"Ethiopia DHS 2016. The survey collected data on school attendance for age 5-24 and educational attainment for age 5 and above."
CR.2.RUR.Q1,GAB,2012,Source:Data sources,"Gabon DHS 2012. The survey collected data on school attendance for age 3-24 and educational attainment for age 3 and above."
CR.2.RUR.Q1,GHA,2009,Source:Data sources,"Ghana DHS 2008. The survey collected data on school attendance for age 3-24 and educational attainment for age 3 and above."
CR.2.RUR.Q1,GHA,2015,Source:Data sources,"Ghana DHS 2014. The survey collected data on school attendance for age 3-24 and educational attainment for age 3 and above."
CR.2.RUR.Q1,GHA,2018,Source:Data sources,"Ghana MICS 2017-18. The survey collected data on school attendance for age 3-24 and educational attainment for age 3 and above."
CR.2.RUR.Q1,GIN,2005,Source:Data sources,"Guinea DHS 2005. The survey collected data on school attendance for age 5-24 and educational attainment for age 5 and above."
CR.2.RUR.Q1,GIN,2012,Source:Data sources,"Guinea DHS 2012. The survey collected data on school attendance for age 3-24 and educational attainment for age 3 and above."
CR.2.RUR.Q1,GIN,2016,Source:Data sources,"Guinea MICS 2016. The survey collected data on school attendance for age 5-24 and educational attainment for age 5 and above."
CR.2.RUR.Q1,GIN,2018,Source:Data sources,"Guinea DHS 2018. The survey collected data on school attendance for age 5-24 and educational attainment for age 5 and above."
CR.2.RUR.Q1,GIN,2018,Source:Data sources,"Value suppressed (less than 25 unweighted observations in sample)."
CR.2.RUR.Q1,GMB,2006,Source:Data sources,"Gambia MICS 2005-06. The survey collected data on school attendance for age 5-24 and educational attainment for age 5 and above."
CR.2.RUR.Q1,GMB,2010,Source:Data sources,"Gambia MICS 2009-2010. The survey collected data on school attendance for age 3-24 and educational attainment for age 3 and above."
CR.2.RUR.Q1,GMB,2013,Source:Data sources,"Gambia DHS 2013. The survey collected data on school attendance for age 3-24 and educational attainment for age 3 and above."
CR.2.RUR.Q1,GMB,2018,Source:Data sources,"Gambia MICS 2018. The survey collected data on school attendance for age 3-24 and educational attainment for age 3 and above."
CR.2.RUR.Q1,GNB,2014,Source:Data sources,"Guinea-Bissau MICS 2014. The survey collected data on school attendance for age 5-24 and educational attainment for age 5 and above."
CR.2.RUR.Q1,GTM,2000,Source:Data sources,"Guatemala Encuesta Nacional de Condiciones de Vida (ENCOVI) 2000. ECLAC calculations based on household survey data bank."
CR.2.RUR.Q1,GTM,2006,Source:Data sources,"Guatemala Encuesta Nacional de Condiciones de Vida (ENCOVI) 2006. ECLAC calculations based on household survey data bank."
CR.2.RUR.Q1,GTM,2014,Source:Data sources,"Guatemala Encuesta Nacional de Condiciones de Vida (ENCOVI) 2014. ECLAC calculations based on household survey data bank."
CR.2.RUR.Q1,GTM,2015,Source:Data sources,"Guatemala DHS 2014-15. The survey collected data on school attendance for age 5-24 and educational attainment for age 5 and above."
CR.2.RUR.Q1,GUY,2006,Source:Data sources,"Guyana MICS 2006-07. The survey collected data on school attendance for age 5-24 and educational attainment for age 5 and above."
CR.2.RUR.Q1,GUY,2009,Source:Data sources,"Guyana DHS 2009. The survey collected data on school attendance for age 5-24 and educational attainment for age 5 and above."
CR.2.RUR.Q1,GUY,2014,Source:Data sources,"Guyana MICS 2014. The survey collected data on school attendance for age 5-24 and educational attainment for age 5 and above."
CR.2.RUR.Q1,HND,2001,Source:Data sources,"Honduras Encuesta Permanente de Hogares de Propositos Multiples 2001. ECLAC calculations based on household survey data bank."
CR.2.RUR.Q1,HND,2004,Source:Data sources,"Honduras Encuesta Permanente de Hogares de Propositos Multiples 2004. ECLAC calculations based on household survey data bank."
CR.2.RUR.Q1,HND,2005,Source:Data sources,"Honduras Encuesta Permanente de Hogares de Propositos Multiples 2005. ECLAC calculations based on household survey data bank."
CR.2.RUR.Q1,HND,2009,Source:Data sources,"Honduras Encuesta Permanente de Hogares de Propositos Multiples 2009. ECLAC calculations based on household survey data bank."
CR.2.RUR.Q1,HND,2010,Source:Data sources,"Honduras Encuesta Permanente de Hogares de Propositos Multiples 2010. ECLAC calculations based on household survey data bank."
CR.2.RUR.Q1,HND,2011,Source:Data sources,"Honduras DHS 2011-12. The survey collected data on school attendance for age 5-24 and educational attainment for age 5 and above."
CR.2.RUR.Q1,HND,2012,Source:Data sources,"Honduras Encuesta Permanente de Hogares de Propositos Multiples 2012. ECLAC calculations based on household survey data bank."
CR.2.RUR.Q1,HND,2013,Source:Data sources,"Honduras Encuesta Permanente de Hogares de Propositos Multiples 2013. ECLAC calculations based on household survey data bank."
CR.2.RUR.Q1,HND,2014,Source:Data sources,"Honduras Encuesta Permanente de Hogares de Propositos Multiples 2014. ECLAC calculations based on household survey data bank."
CR.2.RUR.Q1,HND,2015,Source:Data sources,"Honduras Encuesta Permanente de Hogares de Propositos Multiples 2015. ECLAC calculations based on household survey data bank."
CR.2.RUR.Q1,HND,2016,Source:Data sources,"Honduras Encuesta Permanente de Hogares de Propositos Multiples 2016. ECLAC calculations based on household survey data bank."
CR.2.RUR.Q1,HND,2018,Source:Data sources,"Honduras Encuesta Permanente de Hogares de Propositos Multiples 2018. ECLAC calculations based on household survey data bank."
CR.2.RUR.Q1,HTI,2005,Source:Data sources,"Haiti DHS 2005-06. The survey collected data on school attendance for age 5-24 and educational attainment for age 5 and above."
CR.2.RUR.Q1,HTI,2012,Source:Data sources,"Haiti DHS 2012. The survey collected data on school attendance for age 3-24 and educational attainment for age 3 and above."
CR.2.RUR.Q1,HTI,2017,Source:Data sources,"Haiti DHS 2016-2017. The survey collected data on school attendance for age 3-24 and educational attainment for age 3 and above."
CR.2.RUR.Q1,IDN,2003,Source:Data sources,"Indonesia DHS 2002-03. The survey collected data on school attendance for age 5-24 and educational attainment for age 5 and above."
CR.2.RUR.Q1,IDN,2008,Source:Data sources,"Indonesia DHS 2007. The survey collected data on school attendance for age 5-24 and educational attainment for age 5 and above."
CR.2.RUR.Q1,IDN,2017,Source:Data sources,"Indonesia DHS 2017. The survey collected data on school attendance for age 5-24 and educational attainment for age 5 and above."
CR.2.RUR.Q1,IND,2006,Source:Data sources,"India DHS 2005-06. The survey collected data on school attendance for age 5-18 and educational attainment for age 5 and above."
CR.2.RUR.Q1,IND,2016,Source:Data sources,"India DHS 2015-16. The survey collected data on school attendance for age 5-24 and educational attainment for age 5 and above."
CR.2.RUR.Q1,IRQ,2011,Source:Data sources,"Iraq MICS 2011. The survey collected data on school attendance for age 5-24 and educational attainment for age 5 and above."
CR.2.RUR.Q1,IRQ,2018,Source:Data sources,"Iraq MICS 2018. The survey collected data on school attendance for age 3-24 and educational attainment for age 3 and above."
CR.2.RUR.Q1,JAM,2011,Source:Data sources,"Jamaica MICS 2011. The survey collected data on school attendance for age 5-24 and educational attainment for age 5 and above."
CR.2.RUR.Q1,JOR,2007,Source:Data sources,"Jordan DHS 2007. The survey collected data on school attendance for age 5-24 and educational attainment for age 5 and above."
CR.2.RUR.Q1,JOR,2018,Source:Data sources,"Jordan DHS 2017-18. The survey collected data on school attendance for age 5-24 and educational attainment for age 5 and above."
CR.2.RUR.Q1,KAZ,2006,Source:Data sources,"Kazakhstan MICS 2006. The survey collected data on school attendance for age 5-24 and educational attainment for age 5 and above."
CR.2.RUR.Q1,KAZ,2011,Source:Data sources,"Kazakhstan MICS 2010-11. The survey collected data on school attendance for age 5-24 and educational attainment for age 5 and above."
CR.2.RUR.Q1,KAZ,2015,Source:Data sources,"Kazakhstan MICS 2016. The survey collected data on school attendance for age 5-24 and educational attainment for age 5 and above."
CR.2.RUR.Q1,KEN,2003,Source:Data sources,"Kenya DHS 2003. The survey collected data on school attendance for age 4-24 and educational attainment for age 4 and above."
CR.2.RUR.Q1,KEN,2008,Source:Data sources,"Kenya DHS 2008-09. The survey collected data on school attendance for age 4-24 and educational attainment for age 4 and above."
CR.2.RUR.Q1,KEN,2014,Source:Data sources,"Kenya DHS 2014. The survey collected data on school attendance for age 3-24 and educational attainment for age 3 and above."
CR.2.RUR.Q1,KGZ,2006,Source:Data sources,"Kyrgyzstan MICS 2005-06. The survey collected data on school attendance for age 5-24 and educational attainment for age 5 and above."
CR.2.RUR.Q1,KGZ,2012,Source:Data sources,"Kyrgyzstan DHS 2012. The survey collected data on school attendance for age 5-24 and educational attainment for age 5 and above."
CR.2.RUR.Q1,KGZ,2014,Source:Data sources,"Kyrgyzstan MICS 2014. The survey collected data on school attendance for age 5-24 and educational attainment for age 5 and above."
CR.2.RUR.Q1,KHM,2005,Source:Data sources,"Cambodia DHS 2005-06. The survey collected data on school attendance for age 5-24 and educational attainment for age 5 and above."
CR.2.RUR.Q1,KHM,2010,Source:Data sources,"Cambodia DHS 2010-11. The survey collected data on school attendance for age 3-24 and educational attainment for age 3 and above."
CR.2.RUR.Q1,KHM,2014,Source:Data sources,"Cambodia DHS 2014. The survey collected data on school attendance for age 3-24 and educational attainment for age 3 and above."
CR.2.RUR.Q1,KIR,2019,Source:Data sources,"Kiribati MICS 2018-19. The survey collected data on school attendance for age 3-24 and educational attainment for age 3 and above."
CR.2.RUR.Q1,LAO,2006,Source:Data sources,"Lao PDR MICS 2006. The survey collected data on school attendance for age 5-24 and educational attainment for age 5 and above."
CR.2.RUR.Q1,LAO,2012,Source:Data sources,"Lao PDR MICS 2011-12. The survey collected data on school attendance for age 3-24 and educational attainment for age 3 and above."
CR.2.RUR.Q1,LAO,2017,Source:Data sources,"Lao PDR MICS 2017. The survey collected data on school attendance for age 3-24 and educational attainment for age 3 and above."
CR.2.RUR.Q1,LBR,2007,Source:Data sources,"Liberia DHS 2007. The survey collected data on school attendance for age 3-24 and educational attainment for age 3 and above."
CR.2.RUR.Q1,LBR,2013,Source:Data sources,"Liberia DHS 2013. The survey collected data on school attendance for age 5-24 and educational attainment for age 5 and above."
CR.2.RUR.Q1,LCA,2012,Source:Data sources,"Saint Lucia MICS 2012. The survey collected data on school attendance for age 5-24 and educational attainment for age 5 and above."
CR.2.RUR.Q1,LCA,2012,Source:Data sources,"Value based on 25-49 unweighted observations in sample."
CR.2.RUR.Q1,LKA,2006,Source:Data sources,"Sri Lanka DHS 2006-07. The survey collected data on school attendance for age 5-22 and educational attainment for age 5 and above."
CR.2.RUR.Q1,LSO,2005,Source:Data sources,"Lesotho DHS 2004-05. The survey collected data on school attendance for age 5-24 and educational attainment for age 5 and above."
CR.2.RUR.Q1,LSO,2009,Source:Data sources,"Lesotho DHS 2009-10. The survey collected data on school attendance for age 6-24 and educational attainment for age 6 and above."
CR.2.RUR.Q1,LSO,2014,Source:Data sources,"Lesotho DHS 2014. The survey collected data on school attendance for age 5-24 and educational attainment for age 5 and above."
CR.2.RUR.Q1,LSO,2018,Source:Data sources,"Lesotho MICS 2018. The survey collected data on school attendance for age 3-24 and educational attainment for age 3 and above."
CR.2.RUR.Q1,MAR,2004,Source:Data sources,"Morocco DHS 2003-04. The survey collected data on school attendance for age 6-24 and educational attainment for age 6 and above."
CR.2.RUR.Q1,MDA,2005,Source:Data sources,"Republic of Moldova DHS 2005. The survey collected data on school attendance for age 3-24 and educational attainment for age 3 and above."
CR.2.RUR.Q1,MDA,2012,Source:Data sources,"Republic of Moldova MICS 2012. The survey collected data on school attendance for age 5-24 and educational attainment for age 5 and above."
CR.2.RUR.Q1,MDG,2009,Source:Data sources,"Madagascar DHS 2008-09. The survey collected data on school attendance for age 5-24 and educational attainment for age 5 and above."
CR.2.RUR.Q1,MDG,2018,Source:Data sources,"Madagascar MICS 2018."
CR.2.RUR.Q1,MDG,2018,Source:Data sources,"Value based on 25-49 unweighted observations in sample."
CR.2.RUR.Q1,MDV,2008,Source:Data sources,"Maldives DHS 2009. The survey collected data on school attendance for age 5-24 and educational attainment for age 5 and above."
CR.2.RUR.Q1,MDV,2017,Source:Data sources,"Maldives DHS 2016-17. The survey collected data on school attendance for age 5-24 and educational attainment for age 5 and above."
CR.2.RUR.Q1,MEX,2000,Source:Data sources,"Mexico Encuesta Nacional de Ingresos y Gastos de los Hogares (ENIGH) 2000. ECLAC calculations based on household survey data bank."
CR.2.RUR.Q1,MEX,2002,Source:Data sources,"Mexico Encuesta Nacional de Ingresos y Gastos de los Hogares (ENIGH) 2002. ECLAC calculations based on household survey data bank."
CR.2.RUR.Q1,MEX,2004,Source:Data sources,"Mexico Encuesta Nacional de Ingresos y Gastos de los Hogares (ENIGH) 2004. ECLAC calculations based on household survey data bank."
CR.2.RUR.Q1,MEX,2006,Source:Data sources,"Mexico Encuesta Nacional de Ingresos y Gastos de los Hogares (ENIGH) 2006. ECLAC calculations based on household survey data bank."
CR.2.RUR.Q1,MEX,2008,Source:Data sources,"Mexico Modulo de Condiciones Socioeconomicas de la ENIGH 2008. ECLAC calculations based on household survey data bank."
CR.2.RUR.Q1,MEX,2010,Source:Data sources,"Mexico Modulo de Condiciones Socioeconomicas de la ENIGH 2010. ECLAC calculations based on household survey data bank."
CR.2.RUR.Q1,MEX,2012,Source:Data sources,"Mexico Modulo de Condiciones Socioeconomicas de la ENIGH 2012. ECLAC calculations based on household survey data bank."
CR.2.RUR.Q1,MEX,2014,Source:Data sources,"Mexico Modulo de Condiciones Socioeconomicas de la ENIGH 2014. ECLAC calculations based on household survey data bank."
CR.2.RUR.Q1,MEX,2016,Source:Data sources,"Mexico MICS 2015. The survey collected data on school attendance for age 3-24 and educational attainment for age 3 and above."
CR.2.RUR.Q1,MEX,2018,Source:Data sources,"Mexico Modulo de Condiciones Socioeconomicas de la ENIGH 2018. ECLAC calculations based on household survey data bank."
CR.2.RUR.Q1,MKD,2011,Source:Data sources,"North Macedonia MICS 2011. The survey collected data on school attendance for age 5-24 and educational attainment for age 5 and above."
CR.2.RUR.Q1,MLI,2006,Source:Data sources,"Mali DHS 2006. The survey collected data on school attendance for age 5-24 and educational attainment for age 5 and above."
CR.2.RUR.Q1,MLI,2013,Source:Data sources,"Mali DHS 2012-13. The survey collected data on school attendance for age 5-24 and educational attainment for age 5 and above."
CR.2.RUR.Q1,MLI,2015,Source:Data sources,"Mali MICS 2015. The survey collected data on school attendance for age 5-24 and educational attainment for age 5 and above."
CR.2.RUR.Q1,MLI,2018,Source:Data sources,"Mali DHS 2018. The survey collected data on school attendance for age 5-24 and educational attainment for age 5 and above."
CR.2.RUR.Q1,MLI,2018,Source:Data sources,"Value based on 25-49 unweighted observations in sample."
CR.2.RUR.Q1,MMR,2016,Source:Data sources,"Myanmar DHS 2015-16. The survey collected data on school attendance for age 5-24 and educational attainment for age 5 and above."
CR.2.RUR.Q1,MNE,2013,Source:Data sources,"Montenegro MICS 2013. The survey collected data on school attendance for age 5-24 and educational attainment for age 5 and above."
CR.2.RUR.Q1,MNE,2018,Source:Data sources,"Montenegro MICS 2018. The survey collected data on school attendance for age 3-24 and educational attainment for age 3 and above."
CR.2.RUR.Q1,MNG,2006,Source:Data sources,"Mongolia MICS 2005. The survey collected data on school attendance for age 5-24 and educational attainment for age 5 and above."
CR.2.RUR.Q1,MNG,2014,Source:Data sources,"Mongolia MICS 2013-14. The survey collected data on school attendance for age 5-24 and educational attainment for age 5 and above."
CR.2.RUR.Q1,MNG,2018,Source:Data sources,"Mongolia MICS 2018. The survey collected data on school attendance for age 2-24 and educational attainment for age 2 and above."
CR.2.RUR.Q1,MOZ,2003,Source:Data sources,"Mozambique DHS 2003-04. The survey collected data on school attendance for age 5-24 and educational attainment for age 5 and above."
CR.2.RUR.Q1,MOZ,2008,Source:Data sources,"Mozambique MICS 2008. The survey collected data on school attendance for age 5-24 and educational attainment for age 5 and above."
CR.2.RUR.Q1,MOZ,2011,Source:Data sources,"Mozambique DHS 2011. The survey collected data on school attendance for age 5-24 and educational attainment for age 3 and above."
CR.2.RUR.Q1,MRT,2007,Source:Data sources,"Mauritania MICS 2007. The survey collected data on school attendance for age 5-24 and educational attainment for age 5 and above."
CR.2.RUR.Q1,MRT,2011,Source:Data sources,"Mauritania MICS 2010-11. The survey collected data on school attendance for age 5-24 and educational attainment for age 5 and above."
CR.2.RUR.Q1,MRT,2015,Source:Data sources,"Mauritania MICS 2014-15. The survey collected data on school attendance for age 5-24 and educational attainment for age 5 and above."
CR.2.RUR.Q1,MWI,2004,Source:Data sources,"Malawi DHS 2004-05. The survey collected data on school attendance for age 5-24 and educational attainment for age 5 and above."
CR.2.RUR.Q1,MWI,2010,Source:Data sources,"Malawi DHS 2010. The survey collected data on school attendance for age 5-24 and educational attainment for age 5 and above."
CR.2.RUR.Q1,MWI,2016,Source:Data sources,"Malawi DHS 2015-16. The survey collected data on school attendance for age 5-24 and educational attainment for age 5 and above."
CR.2.RUR.Q1,NAM,2007,Source:Data sources,"Namibia DHS 2006-07. The survey collected data on school attendance for age 5-24 and educational attainment for age 5 and above."
CR.2.RUR.Q1,NAM,2013,Source:Data sources,"Namibia DHS 2013. The survey collected data on school attendance for age 5-24 and educational attainment for age 5 and above."
CR.2.RUR.Q1,NER,2006,Source:Data sources,"Niger DHS 2006. The survey collected data on school attendance for age 5-24 and educational attainment for age 5 and above."
CR.2.RUR.Q1,NER,2012,Source:Data sources,"Niger DHS 2012. The survey collected data on school attendance for age 5-24 and educational attainment for age 5 and above."
CR.2.RUR.Q1,NGA,2003,Source:Data sources,"Nigeria DHS 2003. The survey collected data on school attendance for age 5-24 and educational attainment for age 5 and above."
CR.2.RUR.Q1,NGA,2007,Source:Data sources,"Nigeria MICS 2007. The survey collected data on school attendance for age 5-24 and educational attainment for age 5 and above."
CR.2.RUR.Q1,NGA,2008,Source:Data sources,"Nigeria DHS 2008. The survey collected data on school attendance for age 5-24 and educational attainment for age 5 and above."
CR.2.RUR.Q1,NGA,2011,Source:Data sources,"Nigeria MICS 2011. The survey collected data on school attendance for age 5-24 and educational attainment for age 5 and above."
CR.2.RUR.Q1,NGA,2013,Source:Data sources,"Nigeria DHS 2013. The survey collected data on school attendance for age 5-24 and educational attainment for age 5 and above."
CR.2.RUR.Q1,NGA,2016,Source:Data sources,"Nigeria MICS 2016-17. The survey collected data on school attendance for age 5-24 and educational attainment for age 5 and above."
CR.2.RUR.Q1,NGA,2018,Source:Data sources,"Nigeria DHS 2018. The survey collected data on school attendance for age 5-24 and educational attainment for age 5 and above."
CR.2.RUR.Q1,NIC,2001,Source:Data sources,"Nicaragua Encuesta Nacional de Hogares sobre Medicion de Niveles de Vida 2001. ECLAC calculations based on household survey data bank."
CR.2.RUR.Q1,NIC,2005,Source:Data sources,"Nicaragua Encuesta Nacional de Hogares sobre Medicion de Niveles de Vida 2005. ECLAC calculations based on household survey data bank."
CR.2.RUR.Q1,NIC,2009,Source:Data sources,"Nicaragua Encuesta Nacional de Hogares sobre Medicion de Niveles de Vida 2009. ECLAC calculations based on household survey data bank."
CR.2.RUR.Q1,NIC,2014,Source:Data sources,"Nicaragua Encuesta Nacional de Hogares sobre Medicion de Niveles de Vida 2014. ECLAC calculations based on household survey data bank."
CR.2.RUR.Q1,NPL,2007,Source:Data sources,"Nepal DHS 2006. The survey collected data on school attendance for age 3-24 and educational attainment for age 3 and above."
CR.2.RUR.Q1,NPL,2011,Source:Data sources,"Nepal DHS 2011. The survey collected data on school attendance for age 3-24 and educational attainment for age 3 and above."
CR.2.RUR.Q1,NPL,2014,Source:Data sources,"Nepal MICS 2014. The survey collected data on school attendance for age 5-24 and educational attainment for age 5 and above."
CR.2.RUR.Q1,NPL,2016,Source:Data sources,"Nepal DHS 2016. The survey collected data on school attendance for age 5-24 and educational attainment for age 5 and above."
CR.2.RUR.Q1,PAK,2007,Source:Data sources,"Pakistan DHS 2006-07. The survey collected data on school attendance for age 5-24 and educational attainment for age 5 and above."
CR.2.RUR.Q1,PAK,2012,Source:Data sources,"Pakistan DHS 2012-13. The survey collected data on school attendance for age 5-24 and educational attainment for age 5 and above."
CR.2.RUR.Q1,PAK,2018,Source:Data sources,"Pakistan DHS 2017-18. The survey collected data on school attendance for age 5-24 and educational attainment for age 5 and above."
CR.2.RUR.Q1,PAN,2000,Source:Data sources,"Panama Encuesta de Hogares 2000. ECLAC calculations based on household survey data bank."
CR.2.RUR.Q1,PAN,2001,Source:Data sources,"Panama Encuesta de Hogares 2001. ECLAC calculations based on household survey data bank."
CR.2.RUR.Q1,PAN,2002,Source:Data sources,"Panama Encuesta de Hogares 2002. ECLAC calculations based on household survey data bank."
CR.2.RUR.Q1,PAN,2003,Source:Data sources,"Panama Encuesta de Hogares 2003. ECLAC calculations based on household survey data bank."
CR.2.RUR.Q1,PAN,2004,Source:Data sources,"Panama Encuesta de Hogares 2004. ECLAC calculations based on household survey data bank."
CR.2.RUR.Q1,PAN,2005,Source:Data sources,"Panama Encuesta de Hogares 2005. ECLAC calculations based on household survey data bank."
CR.2.RUR.Q1,PAN,2006,Source:Data sources,"Panama Encuesta de Hogares 2006. ECLAC calculations based on household survey data bank."
CR.2.RUR.Q1,PAN,2007,Source:Data sources,"Panama Encuesta de Hogares 2007. ECLAC calculations based on household survey data bank."
CR.2.RUR.Q1,PAN,2008,Source:Data sources,"Panama Encuesta de Hogares 2008. ECLAC calculations based on household survey data bank."
CR.2.RUR.Q1,PAN,2009,Source:Data sources,"Panama Encuesta de Hogares 2009. ECLAC calculations based on household survey data bank."
CR.2.RUR.Q1,PAN,2011,Source:Data sources,"Panama Encuesta de Hogares 2011. ECLAC calculations based on household survey data bank."
CR.2.RUR.Q1,PAN,2013,Source:Data sources,"Panama Encuesta de Hogares 2013. ECLAC calculations based on household survey data bank."
CR.2.RUR.Q1,PAN,2014,Source:Data sources,"Panama Encuesta de Hogares 2014. ECLAC calculations based on household survey data bank."
CR.2.RUR.Q1,PAN,2015,Source:Data sources,"Panama Encuesta de Hogares 2015. ECLAC calculations based on household survey data bank."
CR.2.RUR.Q1,PAN,2016,Source:Data sources,"Panama Encuesta de Hogares 2016. ECLAC calculations based on household survey data bank."
CR.2.RUR.Q1,PAN,2017,Source:Data sources,"Panama Encuesta de Hogares 2017. ECLAC calculations based on household survey data bank."
CR.2.RUR.Q1,PAN,2018,Source:Data sources,"Panama Encuesta de Hogares 2018. ECLAC calculations based on household survey data bank."
CR.2.RUR.Q1,PER,2000,Source:Data sources,"Peru Encuesta Nacional de Hogares Condiciones de Vida y Pobreza 2000. ECLAC calculations based on household survey data bank."
CR.2.RUR.Q1,PER,2001,Source:Data sources,"Peru Encuesta Nacional de Hogares Condiciones de Vida y Pobreza 2001. ECLAC calculations based on household survey data bank."
CR.2.RUR.Q1,PER,2002,Source:Data sources,"Peru Encuesta Nacional de Hogares Condiciones de Vida y Pobreza 2002. ECLAC calculations based on household survey data bank."
CR.2.RUR.Q1,PER,2003,Source:Data sources,"Peru Encuesta Nacional de Hogares Condiciones de Vida y Pobreza 2003. ECLAC calculations based on household survey data bank."
CR.2.RUR.Q1,PER,2004,Source:Data sources,"Peru Encuesta Nacional de Hogares Condiciones de Vida y Pobreza 2004. ECLAC calculations based on household survey data bank."
CR.2.RUR.Q1,PER,2005,Source:Data sources,"Peru Encuesta Nacional de Hogares Condiciones de Vida y Pobreza 2005. ECLAC calculations based on household survey data bank."
CR.2.RUR.Q1,PER,2006,Source:Data sources,"Peru Encuesta Nacional de Hogares Condiciones de Vida y Pobreza 2006. ECLAC calculations based on household survey data bank."
CR.2.RUR.Q1,PER,2007,Source:Data sources,"Peru Encuesta Nacional de Hogares Condiciones de Vida y Pobreza 2007. ECLAC calculations based on household survey data bank."
CR.2.RUR.Q1,PER,2008,Source:Data sources,"Peru Encuesta Nacional de Hogares Condiciones de Vida y Pobreza 2008. ECLAC calculations based on household survey data bank."
CR.2.RUR.Q1,PER,2009,Source:Data sources,"Peru Encuesta Nacional de Hogares Condiciones de Vida y Pobreza 2009. ECLAC calculations based on household survey data bank."
CR.2.RUR.Q1,PER,2010,Source:Data sources,"Peru Encuesta Nacional de Hogares Condiciones de Vida y Pobreza 2010. ECLAC calculations based on household survey data bank."
CR.2.RUR.Q1,PER,2011,Source:Data sources,"Peru Encuesta Nacional de Hogares Condiciones de Vida y Pobreza 2011. ECLAC calculations based on household survey data bank."
CR.2.RUR.Q1,PER,2012,Source:Data sources,"Peru Encuesta Nacional de Hogares Condiciones de Vida y Pobreza 2012. ECLAC calculations based on household survey data bank."
CR.2.RUR.Q1,PER,2013,Source:Data sources,"Peru Encuesta Nacional de Hogares Condiciones de Vida y Pobreza 2013. ECLAC calculations based on household survey data bank."
CR.2.RUR.Q1,PER,2014,Source:Data sources,"Peru Encuesta Nacional de Hogares Condiciones de Vida y Pobreza 2014. ECLAC calculations based on household survey data bank."
CR.2.RUR.Q1,PER,2015,Source:Data sources,"Peru Encuesta Nacional de Hogares Condiciones de Vida y Pobreza 2015. ECLAC calculations based on household survey data bank."
CR.2.RUR.Q1,PER,2016,Source:Data sources,"Peru Encuesta Nacional de Hogares Condiciones de Vida y Pobreza 2016. ECLAC calculations based on household survey data bank."
CR.2.RUR.Q1,PER,2017,Source:Data sources,"Peru Encuesta Nacional de Hogares Condiciones de Vida y Pobreza 2017. ECLAC calculations based on household survey data bank."
CR.2.RUR.Q1,PER,2018,Source:Data sources,"Peru Encuesta Nacional de Hogares Condiciones de Vida y Pobreza 2018. ECLAC calculations based on household survey data bank."
CR.2.RUR.Q1,PHL,2004,Source:Data sources,"Philippines DHS 2003. The survey collected data on school attendance for age 5-24 and educational attainment for age 5 and above."
CR.2.RUR.Q1,PHL,2018,Source:Data sources,"Philippines DHS 2017. The survey collected data on school attendance for age 5-24 and educational attainment for age 5 and above."
CR.2.RUR.Q1,PNG,2018,Source:Data sources,"Papua New Guinea DHS 2016-18. The survey collected data on school attendance for age 5-24 and educational attainment for age 5 and above."
CR.2.RUR.Q1,PRY,2001,Source:Data sources,"Paraguay Encuesta Integrada de Hogares 2001. ECLAC calculations based on household survey data bank."
CR.2.RUR.Q1,PRY,2003,Source:Data sources,"Paraguay Encuesta Permanente de Hogares 2003. ECLAC calculations based on household survey data bank."
CR.2.RUR.Q1,PRY,2004,Source:Data sources,"Paraguay Encuesta Permanente de Hogares 2004. ECLAC calculations based on household survey data bank."
CR.2.RUR.Q1,PRY,2005,Source:Data sources,"Paraguay Encuesta Permanente de Hogares 2005. ECLAC calculations based on household survey data bank."
CR.2.RUR.Q1,PRY,2006,Source:Data sources,"Paraguay Encuesta Permanente de Hogares 2006. ECLAC calculations based on household survey data bank."
CR.2.RUR.Q1,PRY,2007,Source:Data sources,"Paraguay Encuesta Permanente de Hogares 2007. ECLAC calculations based on household survey data bank."
CR.2.RUR.Q1,PRY,2008,Source:Data sources,"Paraguay Encuesta Permanente de Hogares 2008. ECLAC calculations based on household survey data bank."
CR.2.RUR.Q1,PRY,2009,Source:Data sources,"Paraguay Encuesta Permanente de Hogares 2009. ECLAC calculations based on household survey data bank."
CR.2.RUR.Q1,PRY,2010,Source:Data sources,"Paraguay Encuesta Permanente de Hogares 2010. ECLAC calculations based on household survey data bank."
CR.2.RUR.Q1,PRY,2011,Source:Data sources,"Paraguay Encuesta Permanente de Hogares 2011. ECLAC calculations based on household survey data bank."
CR.2.RUR.Q1,PRY,2012,Source:Data sources,"Paraguay Encuesta Permanente de Hogares 2012. ECLAC calculations based on household survey data bank."
CR.2.RUR.Q1,PRY,2013,Source:Data sources,"Paraguay Encuesta Permanente de Hogares 2013. ECLAC calculations based on household survey data bank."
CR.2.RUR.Q1,PRY,2014,Source:Data sources,"Paraguay Encuesta Permanente de Hogares 2014. ECLAC calculations based on household survey data bank."
CR.2.RUR.Q1,PRY,2015,Source:Data sources,"Paraguay Encuesta Permanente de Hogares 2015. ECLAC calculations based on household survey data bank."
CR.2.RUR.Q1,PRY,2016,Source:Data sources,"Paraguay MICS 2016. The survey collected data on school attendance for age 5-24 and educational attainment for age 5 and above."
CR.2.RUR.Q1,PRY,2017,Source:Data sources,"Paraguay Encuesta Permanente de Hogares 2017. ECLAC calculations based on household survey data bank."
CR.2.RUR.Q1,PRY,2018,Source:Data sources,"Paraguay Encuesta Permanente de Hogares 2018. ECLAC calculations based on household survey data bank."
CR.2.RUR.Q1,PSE,2014,Source:Data sources,"Palestine MICS 2014. The survey collected data on school attendance for age 5-24 and educational attainment for age 5 and above."
CR.2.RUR.Q1,PSE,2014,Source:Data sources,"Value suppressed (less than 25 unweighted observations in sample)."
CR.2.RUR.Q1,QAT,2012,Source:Data sources,"Qatar MICS 2011-12. The survey collected data on school attendance for age 5-24 and educational attainment for age 5 and above."
CR.2.RUR.Q1,QAT,2012,Source:Data sources,"Value suppressed (less than 25 unweighted observations in sample)."
CR.2.RUR.Q1,RWA,2005,Source:Data sources,"Rwanda DHS 2005. The survey collected data on school attendance for age 3-24 and educational attainment for age 3 and above."
CR.2.RUR.Q1,RWA,2010,Source:Data sources,"Rwanda DHS 2010-2011. The survey collected data on school attendance for age 3-24 and educational attainment for age 3 and above."
CR.2.RUR.Q1,RWA,2015,Source:Data sources,"Rwanda DHS 2014-15. The survey collected data on school attendance for age 3-24 and educational attainment for age 3 and above."
CR.2.RUR.Q1,SDN,2014,Source:Data sources,"Sudan MICS 2014. The survey collected data on school attendance for age 4-24 and educational attainment for age 4 and above."
CR.2.RUR.Q1,SEN,2005,Source:Data sources,"Senegal DHS 2005. The survey collected data on school attendance for age 5-24 and educational attainment for age 5 and above."
CR.2.RUR.Q1,SEN,2011,Source:Data sources,"Senegal DHS 2010-11. The survey collected data on school attendance for age 5-24 and educational attainment for age 5 and above."
CR.2.RUR.Q1,SEN,2016,Source:Data sources,"Senegal DHS 2015-16. The survey collected data on school attendance for age 5-24 and educational attainment for age 5 and above."
CR.2.RUR.Q1,SEN,2017,Source:Data sources,"Senegal DHS 2017. The survey collected data on school attendance for age 5-24 and educational attainment for age 5 and above."
CR.2.RUR.Q1,SLE,2008,Source:Data sources,"Sierra Leone DHS 2008. The survey collected data on school attendance for age 3-24 and educational attainment for age 3 and above."
CR.2.RUR.Q1,SLE,2013,Source:Data sources,"Sierra Leone DHS 2013. The survey collected data on school attendance for age 5-24 and educational attainment for age 5 and above."
CR.2.RUR.Q1,SLE,2017,Source:Data sources,"Sierra Leone MICS 2017. The survey collected data on school attendance for age 3-24 and educational attainment for age 3 and above."
CR.2.RUR.Q1,SLV,2000,Source:Data sources,"El Salvador Encuesta de Hogares de Propositos Multiples 2000. ECLAC calculations based on household survey data bank."
CR.2.RUR.Q1,SLV,2001,Source:Data sources,"El Salvador Encuesta de Hogares de Propositos Multiples 2001. ECLAC calculations based on household survey data bank."
CR.2.RUR.Q1,SLV,2002,Source:Data sources,"El Salvador Encuesta de Hogares de Propositos Multiples 2002. ECLAC calculations based on household survey data bank."
CR.2.RUR.Q1,SLV,2003,Source:Data sources,"El Salvador Encuesta de Hogares de Propositos Multiples 2003. ECLAC calculations based on household survey data bank."
CR.2.RUR.Q1,SLV,2004,Source:Data sources,"El Salvador Encuesta de Hogares de Propositos Multiples 2004. ECLAC calculations based on household survey data bank."
CR.2.RUR.Q1,SLV,2005,Source:Data sources,"El Salvador Encuesta de Hogares de Propositos Multiples 2005. ECLAC calculations based on household survey data bank."
CR.2.RUR.Q1,SLV,2006,Source:Data sources,"El Salvador Encuesta de Hogares de Propositos Multiples 2006. ECLAC calculations based on household survey data bank."
CR.2.RUR.Q1,SLV,2009,Source:Data sources,"El Salvador Encuesta de Hogares de Propositos Multiples 2009. ECLAC calculations based on household survey data bank."
CR.2.RUR.Q1,SLV,2010,Source:Data sources,"El Salvador Encuesta de Hogares de Propositos Multiples 2010. ECLAC calculations based on household survey data bank."
CR.2.RUR.Q1,SLV,2012,Source:Data sources,"El Salvador Encuesta de Hogares de Propositos Multiples 2012. ECLAC calculations based on household survey data bank."
CR.2.RUR.Q1,SLV,2013,Source:Data sources,"El Salvador Encuesta de Hogares de Propositos Multiples 2013. ECLAC calculations based on household survey data bank."
CR.2.RUR.Q1,SLV,2014,Source:Data sources,"El Salvador Encuesta de Hogares de Propositos Multiples 2014. ECLAC calculations based on household survey data bank."
CR.2.RUR.Q1,SLV,2015,Source:Data sources,"El Salvador Encuesta de Hogares de Propositos Multiples 2015. ECLAC calculations based on household survey data bank."
CR.2.RUR.Q1,SLV,2016,Source:Data sources,"El Salvador Encuesta de Hogares de Propositos Multiples 2016. ECLAC calculations based on household survey data bank."
CR.2.RUR.Q1,SLV,2017,Source:Data sources,"El Salvador Encuesta de Hogares de Propositos Multiples 2017. ECLAC calculations based on household survey data bank."
CR.2.RUR.Q1,SLV,2018,Source:Data sources,"El Salvador Encuesta de Hogares de Propositos Multiples 2018. ECLAC calculations based on household survey data bank."
CR.2.RUR.Q1,SRB,2011,Source:Data sources,"Serbia MICS 2010. The survey collected data on school attendance for age 5-24 and educational attainment for age 5 and above."
CR.2.RUR.Q1,SRB,2014,Source:Data sources,"Serbia MICS 2014. The survey collected data on school attendance for age 5-24 and educational attainment for age 5 and above."
CR.2.RUR.Q1,SSD,2010,Source:Data sources,"South Sudan MICS 2010. The survey collected data on school attendance for age 5-24 and educational attainment for age 5 and above."
CR.2.RUR.Q1,STP,2009,Source:Data sources,"Sao Tome and Principe DHS 2008-09. The survey collected data on school attendance for age 5-24 and educational attainment for age 5 and above."
CR.2.RUR.Q1,STP,2014,Source:Data sources,"Sao Tome and Principe MICS 2014. The survey collected data on school attendance for age 5-24 and educational attainment for age 3 and above."
CR.2.RUR.Q1,SUR,2010,Source:Data sources,"Suriname MICS 2010. The survey collected data on school attendance for age 5-24 and educational attainment for age 5 and above."
CR.2.RUR.Q1,SUR,2018,Source:Data sources,"Suriname MICS 2018. The survey collected data on school attendance for age 3-24 and educational attainment for age 3 and above."
CR.2.RUR.Q1,SWZ,2006,Source:Data sources,"Swaziland DHS 2006-07. The survey collected data on school attendance for age 5-24 and educational attainment for age 5 and above."
CR.2.RUR.Q1,SWZ,2010,Source:Data sources,"Swaziland MICS 2010. The survey collected data on school attendance for age 5-24 and educational attainment for age 5 and above."
CR.2.RUR.Q1,SWZ,2014,Source:Data sources,"Swaziland MICS 2014. The survey collected data on school attendance for age 5-24 and educational attainment for age 5 and above."
CR.2.RUR.Q1,SYR,2006,Source:Data sources,"Syrian Arab Republic MICS 2006. The survey collected data on school attendance for age 5-24 and educational attainment for age 5 and above."
CR.2.RUR.Q1,TCD,2004,Source:Data sources,"Chad DHS 2004. The survey collected data on school attendance for age 6-24 and educational attainment for age 6 and above."
CR.2.RUR.Q1,TCD,2014,Source:Data sources,"Chad DHS 2014. The survey collected data on school attendance for age 5-24 and educational attainment for age 5 and above."
CR.2.RUR.Q1,TGO,2006,Source:Data sources,"Togo MICS 2006. The survey collected data on school attendance for age 5-24 and educational attainment for age 5 and above."
CR.2.RUR.Q1,TGO,2010,Source:Data sources,"Togo MICS 2010. The survey collected data on school attendance for age 3-24 and educational attainment for age 3 and above."
CR.2.RUR.Q1,TGO,2014,Source:Data sources,"Togo DHS 2013-14. The survey collected data on school attendance for age 3-24 and educational attainment for age 3 and above."
CR.2.RUR.Q1,TGO,2017,Source:Data sources,"Togo MICS 2017. The survey collected data on school attendance for age 3-24 and educational attainment for age 3 and above."
CR.2.RUR.Q1,TGO,2017,Source:Data sources,"Value based on 25-49 unweighted observations in sample."
CR.2.RUR.Q1,THA,2013,Source:Data sources,"Thailand MICS 2012. The survey collected data on school attendance for age 5-24 and educational attainment for age 5 and above."
CR.2.RUR.Q1,THA,2016,Source:Data sources,"Thailand MICS 2015-16. The survey collected data on school attendance for age 5-24 and educational attainment for age 5 and above."
CR.2.RUR.Q1,TJK,2006,Source:Data sources,"Tajikistan MICS 2005. The survey collected data on school attendance for age 5-24 and educational attainment for age 5 and above."
CR.2.RUR.Q1,TJK,2012,Source:Data sources,"Tajikistan DHS 2012. The survey collected data on school attendance for age 3-24 and educational attainment for age 3 and above."
CR.2.RUR.Q1,TJK,2017,Source:Data sources,"Tajikistan DHS 2017. The survey collected data on school attendance for age 3-24 and educational attainment for age 3 and above."
CR.2.RUR.Q1,TKM,2016,Source:Data sources,"Turkmenistan MICS 2015-2016. The survey collected data on school attendance for age 5-24 and educational attainment for age 5 and above."
CR.2.RUR.Q1,TLS,2009,Source:Data sources,"Timor-Leste DHS 2009-10. The survey collected data on school attendance for age 5-24 and educational attainment for age 5 and above."
CR.2.RUR.Q1,TLS,2016,Source:Data sources,"Timor-Leste DHS 2016. The survey collected data on school attendance for age 3-24 and educational attainment for age 3 and above."
CR.2.RUR.Q1,TUN,2012,Source:Data sources,"Tunisia MICS 2011-12. The survey collected data on school attendance for age 5-24 and educational attainment for age 5 and above."
CR.2.RUR.Q1,TUN,2018,Source:Data sources,"Tunisia MICS 2018. The survey collected data on school attendance for age 3-24 and educational attainment for age 3 and above."
CR.2.RUR.Q1,TUR,2004,Source:Data sources,"Turkey DHS 2003-04. The survey collected data on school attendance for age 6-24 and educational attainment for age 6 and above."
CR.2.RUR.Q1,TUR,2014,Source:Data sources,"Turkey DHS 2013. The survey collected data on school attendance for age 4-24 and educational attainment for age 4 and above."
CR.2.RUR.Q1,TZA,2004,Source:Data sources,"United Republic of Tanzania DHS 2004-05. The survey collected data on school attendance for age 5-24 and educational attainment for age 5 and above."
CR.2.RUR.Q1,TZA,2010,Source:Data sources,"United Republic of Tanzania DHS 2010. The survey collected data on school attendance for age 5-24 and educational attainment for age 5 and above."
CR.2.RUR.Q1,TZA,2015,Source:Data sources,"United Republic of Tanzania DHS 2015-16. The survey collected data on school attendance for age 5-24 and educational attainment for age 5 and above."
CR.2.RUR.Q1,UGA,2006,Source:Data sources,"Uganda DHS 2006. The survey collected data on school attendance for age 5-24 and educational attainment for age 5 and above."
CR.2.RUR.Q1,UGA,2011,Source:Data sources,"Uganda DHS 2011. The survey collected data on school attendance for age 3-24 and educational attainment for age 3 and above."
CR.2.RUR.Q1,UGA,2016,Source:Data sources,"Uganda DHS 2016. The survey collected data on school attendance for age 5-24 and educational attainment for age 5 and above."
CR.2.RUR.Q1,UKR,2007,Source:Data sources,"Ukraine DHS 2007. The survey collected data on school attendance for age 6-24 and educational attainment for age 5 and above."
CR.2.RUR.Q1,UKR,2013,Source:Data sources,"Ukraine MICS 2012. The survey collected data on school attendance for age 5-24 and educational attainment for age 5 and above."
CR.2.RUR.Q1,URY,2008,Source:Data sources,"Uruguay Encuesta Continua de Hogares 2008. ECLAC calculations based on household survey data bank."
CR.2.RUR.Q1,URY,2009,Source:Data sources,"Uruguay Encuesta Continua de Hogares 2009. ECLAC calculations based on household survey data bank."
CR.2.RUR.Q1,URY,2010,Source:Data sources,"Uruguay Encuesta Continua de Hogares 2010. ECLAC calculations based on household survey data bank."
CR.2.RUR.Q1,URY,2011,Source:Data sources,"Uruguay Encuesta Continua de Hogares 2011. ECLAC calculations based on household survey data bank."
CR.2.RUR.Q1,URY,2012,Source:Data sources,"Uruguay Encuesta Continua de Hogares 2012. ECLAC calculations based on household survey data bank."
CR.2.RUR.Q1,URY,2013,Source:Data sources,"Uruguay MICS 2013. The survey collected data on school attendance for age 5-24 and educational attainment for age 5 and above."
CR.2.RUR.Q1,URY,2013,Source:Data sources,"Value suppressed (less than 25 unweighted observations in sample)."
CR.2.RUR.Q1,URY,2014,Source:Data sources,"Uruguay Encuesta Continua de Hogares 2014. ECLAC calculations based on household survey data bank."
CR.2.RUR.Q1,URY,2015,Source:Data sources,"Uruguay Encuesta Continua de Hogares 2015. ECLAC calculations based on household survey data bank."
CR.2.RUR.Q1,URY,2016,Source:Data sources,"Uruguay Encuesta Continua de Hogares 2016. ECLAC calculations based on household survey data bank."
CR.2.RUR.Q1,URY,2017,Source:Data sources,"Uruguay Encuesta Continua de Hogares 2017. ECLAC calculations based on household survey data bank."
CR.2.RUR.Q1,URY,2018,Source:Data sources,"Uruguay Encuesta Continua de Hogares 2018. ECLAC calculations based on household survey data bank."
CR.2.RUR.Q1,UZB,2006,Source:Data sources,"Uzbekistan MICS 2006. The survey collected data on school attendance for age 5-24 and educational attainment for age 5 and above."
CR.2.RUR.Q1,VNM,2011,Source:Data sources,"Viet Nam MICS 2010-11. The survey collected data on school attendance for age 5-24 and educational attainment for age 5 and above."
CR.2.RUR.Q1,VNM,2014,Source:Data sources,"Viet Nam MICS 2014. The survey collected data on school attendance for age 5-24 and educational attainment for age 5 and above."
CR.2.RUR.Q1,VUT,2007,Source:Data sources,"Vanuatu MICS 2007-08. The survey collected data on school attendance for age 5-24 and educational attainment for age 5 and above."
CR.2.RUR.Q1,YEM,2006,Source:Data sources,"Yemen MICS 2006. The survey collected data on school attendance for age 5-24 and educational attainment for age 5 and above."
CR.2.RUR.Q1,YEM,2013,Source:Data sources,"Yemen DHS 2013. The survey collected data on school attendance for age 5-24 and educational attainment for age 5 and above."
CR.2.RUR.Q1,ZAF,2016,Source:Data sources,"South Africa DHS 2016. The survey collected data on school attendance and educational attainment for all ages."
CR.2.RUR.Q1,ZMB,2001,Source:Data sources,"Zambia DHS 2001-02. The survey collected data on school attendance for age 5-24 and educational attainment for age 5 and above."
CR.2.RUR.Q1,ZMB,2007,Source:Data sources,"Zambia DHS 2007. The survey collected data on school attendance for age 5-24 and educational attainment for age 5 and above."
CR.2.RUR.Q1,ZMB,2013,Source:Data sources,"Zambia DHS 2013-14. The survey collected data on school attendance for age 5-24 and educational attainment for age 5 and above."
CR.2.RUR.Q1,ZMB,2018,Source:Data sources,"Zambia DHS 2018. The survey collected data on school attendance for age 2-24 and educational attainment for age 2 and above."
CR.2.RUR.Q1,ZWE,2005,Source:Data sources,"Zimbabwe DHS 2005-06. The survey collected data on school attendance for age 3-24 and educational attainment for age 3 and above."
CR.2.RUR.Q1,ZWE,2010,Source:Data sources,"Zimbabwe DHS 2010-11. The survey collected data on school attendance for age 5-24 and educational attainment for age 5 and above."
CR.2.RUR.Q1,ZWE,2015,Source:Data sources,"Zimbabwe DHS 2015. The survey collected data on school attendance for age 3-24 and educational attainment for age 3 and above."
CR.2.RUR.Q1,ZWE,2019,Source:Data sources,"Zimbabwe MICS 2019. The survey collected data on school attendance for age 3-24 and educational attainment for age 3 and above."
