{
  "chart": {
    "title": "Gross domestic product (GDP)",
    "subtitle": "This data is adjusted for inflation and differences in living costs between countries.",
    "note": "This data is expressed in [international-$](#dod:int_dollar_abbreviation) at 2017 prices, using multiple benchmark years to adjust for differences in living costs between countries over time.",
    "citation": "Feenstra et al. (2015), Penn World Table (2021)",
    "originalChartUrl": "https://ourworldindata.org/grapher/gdp-penn-world-table?v=1&csvType=full&useColumnShortNames=false",
    "selection": [
      "China",
      "United States",
      "India",
      "Japan",
      "Germany",
      "Russia",
      "Brazil",
      "United Kingdom",
      "France",
      "Mexico",
      "Venezuela"
    ]
  },
  "columns": {
    "GDP (output, multiple price benchmarks)": {
      "titleShort": "Gross domestic product (GDP)",
      "titleLong": "Gross domestic product (GDP) - Penn World Table – In constant international-$",
      "descriptionShort": "Total economic output of a country or region per year. This data is adjusted for inflation and for differences in living costs between countries.",
      "descriptionKey": [
        "Gross domestic product (GDP) is a measure of the total value added from the production of goods and services in a country or region each year.",
        "This indicator provides information on economic growth and income levels in the _medium run_. Some country estimates are available as far back as 1950.",
        "This data is adjusted for inflation and for differences in living costs between countries.",
        "This data is expressed in [international-$](#dod:int_dollar_abbreviation) at 2017 prices, using a multiple benchmark approach that incorporates PPP estimates from all available benchmark years.",
        "For GDP estimates in the very long run, see the [Maddison Project Database's indicator](https://ourworldindata.org/grapher/gdp-maddison-project-database).",
        "For more regularly updated estimates of GDP since 1990, see the [World Bank's indicator](https://ourworldindata.org/grapher/gdp-worldbank)."
      ],
      "shortUnit": "$",
      "unit": "international-$ in 2017 prices",
      "timespan": "1950-2019",
      "type": "Integer",
      "owidVariableId": 539736,
      "shortName": "rgdpo",
      "lastUpdated": "2022-11-28",
      "nextUpdate": "2025-03-11",
      "citationShort": "Feenstra et al. (2015), Penn World Table (2021) – with major processing by Our World in Data",
      "citationLong": "Feenstra et al. (2015), Penn World Table (2021) – with major processing by Our World in Data. “Gross domestic product (GDP) – Penn World Table – In constant international-$” [dataset]. Feenstra et al. (2015), Penn World Table (2021), “Penn World Table” [original data].",
      "fullMetadata": "https://api.ourworldindata.org/v1/indicators/539736.metadata.json"
    }
  },
  "dateDownloaded": "2025-02-11",
  "activeFilters": {}
}